2012 Code,2012 Food name in English,2012 Nom d’aliment en français,2019 Code,2019 Food name in English,2019 Nom d’aliment en français
01 Cereals and their products/Céréales et produits céréaliers,,,01 Cereals and their products/Céréales et produits dérivés,,
01_044,"Bread, maize flour, yellow, with milk and egg","Pain, farine de maïs, jaune, avec lait et oeuf",,,
01_045,"Bread/rolls, white","Pain/petit pain, blanc",01_045,"Bread/rolls, white, unfortified","Pain/petit pain, blanc, non enrichi"
01_046,"Bread, wheat, white","Pain, blé, blanc",01_046,"Bread, wheat, white, unfortified","Pain, blé, blanc, non enrichi"
01_047,"Bread, wheat, white for toasting","Pain de mie, au blé, blanc ",01_047,"Bread, wheat, white for toasting, unfortified","Pain, blé, blanc à griller, non enrichi"
01_048,"Bread, wheat, wholemeal","Pain, blé complet",01_048,"Bread, wheat, wholemeal, unfortified","Pain, blé, complet, non enrichi"
01_002,"Fonio, black, whole grain, raw","Fonio, noir, grain entier, cru",01_002,"Fonio, black, whole grains, raw","Fonio, noir, grains entiers, cru"
01_049,"Fonio, black, whole grain, boiled* (without salt)","Fonio, noir, grain entier, bouilli* (sans sel)",01_049,"Fonio, black, whole grains, boiled* (without salt), drained","Fonio, noir, grains entiers, bouilli* (sans sel), égoutté"
01_050,"Fonio, husked grains, raw (bran removed)","Fonio, grain décortiqué, cru (sans son)",01_050,"Fonio, decorticated grains (bran removed), dry, raw","Fonio, grains décortiqués (sans son), sec, cru"
01_051,"Fonio, husked grains, boiled* (without salt)","Fonio, grain décortiqué, bouilli* (sans sel)",01_051,"Fonio, decorticated grains (bran removed), boiled* (without salt), drained","Fonio, grains décortiqués (sans son), bouilli* (sans sel), égoutté"
01_001,"Fonio, white, whole grain, raw","Fonio, blanc, grain entier, cru",01_001,"Fonio, white, whole grains, raw","Fonio, blanc, grains entiers, cru"
01_003,"Fonio, white, whole grain, boiled* (without salt)","Fonio, blanc, grain entier, bouilli* (sans sel)",01_003,"Fonio, white, whole grains, boiled* (without salt), drained","Fonio, blanc, grains entiers, bouilli* (sans sel), égoutté"
01_052,"Macaroni, dried","Macaroni, sec",01_052,"Macaroni, dry, unfortified","Macaroni, séché, non enrichi"
01_053,"Macaroni, boiled* (without salt)","Macaroni, bouilli* (sans sel)",01_053,"Macaroni, boiled* (without salt), drained","Macaroni, bouilli* (sans sel), égoutté"
01_006,"Maize, yellow, whole kernel, dried, raw","Maïs, jaune, grain entier, sec, cru",01_006,"Maize, yellow, whole kernel, dry, raw","Maïs, jaune, grain entier, sec, cru"
01_007,"Maize, yellow, whole kernel, boiled* (without salt)","Maïs, jaune, grain entier, bouilli* (sans sel)",01_007,"Maize, yellow, whole kernel, boiled* (without salt), drained","Maïs, jaune, grain entier, bouilli* (sans sel), égoutté"
01_054,"Maize, yellow, flour of whole-grain","Maïs, jaune, farine aux grains entiers",01_054,"Maize, yellow, meal, whole grains, unfortified","Maïs, jaune, farine complète, non enrichie"
01_055,"Maize, yellow, grit, degermed","Maïs, jaune, gruau, dégermé",01_055,"Maize, yellow, grit, degermed, raw","Maïs, jaune, gruau, dégermé, cru"
01_056,"Maize, yellow, soft porridge* (without salt)","Maïs, jaune, gruau, liquide* (sans sel)",01_056,"Porridge, soft, from degermed yellow maize grit* (without salt)","Bouillie, liquide, de gruau de maïs jaune dégermé* (sans sel)"
01_075,"Maize, yellow, stiff porridge* (without salt)","Maïs, jaune, gruau, épais* (sans sel)",01_075,"Porridge, stiff, from degermed yellow maize grit* (without salt)","Bouillie, épaisse, de gruau de maïs jaune dégermé* (sans sel)"
01_004,"Maize, white, whole kernel, dried, raw","Maïs, blanc, grain entier, sec, cru",01_004,"Maize, white, whole kernel, dry, raw","Maïs, blanc, grain entier, sec, cru"
01_005,"Maize, white, whole kernel, boiled* (without salt)","Maïs, blanc, grain entier, bouilli* (sans sel)",01_005,"Maize, white, whole kernel, boiled* (without salt), drained","Maïs, blanc, grain entier, bouilli* (sans sel), égoutté"
01_057,"Maize, white, flour of whole grain","Maïs, blanc, farine aux grains entiers",01_057,"Maize, white, meal, whole grains","Maïs, blanc, farine complète"
01_058,"Maize, white, flour refined","Maïs, blanc, farine (dégermé)",01_058,"Maize, white, refined flour (special), unfortified","Maïs, blanc, farine raffinée (spécial), non enrichi"
01_059,"Maize, white, flour degermed ","Maïs, blanc, farine (dégermé)",01_060,"Maize, white, grit, degermed, raw","Maïs, blanc, gruau, dégermé, cru"
,,,01_058,"Maize, white, refined flour (special), unfortified","Maïs, blanc, farine raffinée (spécial), non enrichi"
,,,01_081,"Maize, white, refined flour (super), unfortified","Maïs, blanc, farine raffinée (super), non enrichie"
01_060,"Maize, white, grit, degermed","Maïs, blanc, gruau, dégermé",01_060,"Maize, white, grit, degermed, raw","Maïs, blanc, gruau, dégermé, cru"
01_061,"Maize, white, soft porridge* (without salt)","Maïs, blanc, gruau, liquide* (sans sel)",01_061,"Porridge, soft, from degermed white maize grit* (without salt)","Bouillie, liquide, de gruau de maïs blanc dégermé* (sans sel)"
01_076,"Maize, white, stiff porridge* (without salt)","Maïs, blanc, gruau, épais * (sans sel)",01_076,"Porridge, stiff, from degermed white maize grit* (without salt)","Bouillie, épaisse, de gruau de maïs blanc dégermé* (sans sel)"
01_008,"Maize, Gougba variety, whole kernel, dried, raw (Benin) n=1","Maïs, variété Gougba, grain entier, sec, cru (Benin) n=1",01_008,"Maize, Gougba variety, whole kernel, dry, raw (Benin), n=1","Maïs, variété Gougba, grain entier, sec, cru (Bénin), n=1"
01_009,"Maize, Gbaévè variety, whole kernel, dried, raw (Benin) n=1","Maïs, variété Gbaévè, grain entier, sec, cru (Benin) n=1",01_009,"Maize, Gbaévè variety, whole kernel, dry, raw (Benin), n=1","Maïs, variété Gbaévè, grain entier, sec, cru (Bénin), n=1"
01_010,"Maize, DMR-ESR-W variety, whole kernel, dried, raw (Benin) n=1","Maïs, variété DMR-ESR-W, grain entier, sec, cru (Benin) n=1",01_010,"Maize, DMR-ESR-W variety, whole kernel, dry, raw (Benin), n=1","Maïs, variété DMR-ESR-W, grain entier, sec, cru (Bénin), n=1"
01_011,"Maize, POZA - RICA 7843 - SR variety, whole kernel, dried, raw (Benin) n=1","Maïs, variété POZA - RICA 7843 - SR, grain entier, sec, cru (Benin) n=1",01_011,"Maize, POZA - RICA 7843 - SR  variety, whole kernel, dry, raw (Benin), n=1","Maïs, variété POZA - RICA 7843 - SR, grain entier, sec, cru (Bénin), n=1"
01_012,"Maize, TZPB-SR variety, whole kernel, dried, raw (Benin) n=1","Maïs, variété TZPB-SR, grain entier, sec, cru (Benin) n=1",01_012,"Maize, TZPB-SR variety, whole kernel, dry, raw (Benin), n=1","Maïs, variété TZPB-SR, grain entier, sec, cru (Bénin), n=1"
01_013,"Maize, Gnonli variety, whole kernel, dried, raw (Benin) n=1","Maïs, variété Gnonli, grain entier, sec, cru (Benin) n=1",01_013,"Maize, Gnonli variety, whole kernel, dry, raw (Benin), n=1","Maïs, variété Gnonli, grain entier, sec, cru (Bénin), n=1"
01_014,"Maize, combined varieties, whole kernel, dried, raw (Benin)","Maïs, variétés combinées, grain entier, sec, cru (Benin)",01_014,"Maize, combined varieties, whole kernel, dry, raw (Benin)","Maïs, mélange de variétés, grain entier, sec, cru (Bénin)"
01_062,"Maize, combined varieties, whole kernel, boiled* (without salt)","Maïs, variétés combinées, grain entier, bouilli* (sans sel) (Benin)",01_062,"Maize, combined varieties, whole kernel (Benin), boiled* (without salt), drained","Maïs, mélange de variétés, grain entier (Bénin), bouilli* (sans sel), égoutté"
01_015,"Millet, whole grain, raw","Mil, grain entier, cru",01_017,"Pearl millet, whole grains (with bran), raw","Mil à chandelle, grain entier (avec son), cru"
01_016,"Millet, whole grain, boiled*(without salt)","Mil, grain entier, bouilli* (sans sel)",01_033,"Pearl millet, whole grains, boiled* (without salt), drained","Mil à chandelle, grain entier, bouilli* (sans sel), égoutté"
01_017,"Pearl millet, whole grain, raw (with bran)","Mil chandelle, grain entier, cru (avec son)",01_017,"Pearl millet, whole grains (with bran), raw","Mil à chandelle, grain entier (avec son), cru"
01_033,"Pearl millet, whole grain, boiled* (without salt)","Mil chandelle, grain entier, bouilli* (sans sel)",01_033,"Pearl millet, whole grains, boiled* (without salt), drained","Mil à chandelle, grain entier, bouilli* (sans sel), égoutté"
01_063,"Pearl millet, flour (without bran)","Mil chandelle, farine (sans son)",01_063,"Pearl millet, flour (bran removed)","Mil à chandelle, farine (sans son)"
01_018,"Pearl millet, variety ikmv 8201, whole grain, raw (Burkina Faso) n=1","Mil chandelle, variété ikmv 8201, grain entier, cru (Burkina Faso) n=1",01_018,"Pearl millet, IKMV 8201 variety, whole grains, raw (Burkina Faso), n=1","Mil à chandelle, variété IKMV 8201, grain entier, cru (Burkina Faso), n=1"
01_019,"Pearl millet, variety ikmp 1, whole grain, raw (Burkina Faso) n=1","Mil chandelle, variété ikmp 1, grain entier, cru (Burkina Faso) n=1",01_019,"Pearl millet, IKMP 1 variety, whole grains, raw (Burkina Faso), n=1","Mil à chandelle, variété IKMP 1, grain entier, cru (Burkina Faso), n=1"
01_020,"Pearl millet, variety ikmp 2, whole grain, raw (Burkina Faso) n=1","Mil chandelle, variété ikmp 2, grain entier, cru (Burkina Faso) n=1",01_020,"Pearl millet, IKMP 2 variety, whole grains, raw (Burkina Faso), n=1","Mil à chandelle, variété IKMP 2, grain entier, cru (Burkina Faso), n=1"
01_021,"Pearl millet, variety ikmp 3, whole grain, raw (Burkina Faso) n=1","Mil chandelle, variété ikmp 3, grain entier, cru (Burkina Faso) n=1",01_021,"Pearl millet, IKMP 3 variety, whole grains, raw (Burkina Faso), n=1","Mil à chandelle, variété IKMP 3, grain entier, cru (Burkina Faso), n=1"
01_022,"Pearl millet, variety ikmp 4, whole grain, raw (Burkina Faso) n=1","Mil chandelle, variété ikmp 4, grain entier, cru (Burkina Faso) n=1",01_022,"Pearl millet, IKMP 4 variety, whole grains, raw (Burkina Faso), n=1","Mil à chandelle, variété IKMP 4, grain entier, cru (Burkina Faso), n=1"
01_023,"Pearl millet, variety ikmp 5, whole grain, raw (Burkina Faso) n=1","Mil chandelle, variété ikmp 5, grain entier, cru (Burkina Faso) n=1",01_023,"Pearl millet, IKMP 5 variety, whole grains, raw (Burkina Faso), n=1","Mil à chandelle, variété IKMP 5, grain entier, cru (Burkina Faso), n=1"
01_024,"Pearl millet, variety ikmp 6, whole grain, raw (Burkina Faso) n=1","Mil chandelle, variété ikmp 6, grain entier, cru (Burkina Faso) n=1",01_024,"Pearl millet, IKMP 6 variety, whole grains, raw (Burkina Faso), n=1","Mil à chandelle, variété IKMP 6, grain entier, cru (Burkina Faso), n=1"
01_025,"Pearl millet, variety ikmp 7, whole grain, raw (Burkina Faso) n=1","Mil chandelle, variété ikmp 7, grain entier, cru (Burkina Faso) n=1",01_025,"Pearl millet, IKMP 7 variety, whole grains, raw (Burkina Faso), n=1","Mil à chandelle, variété IKMP 7, grain entier, cru (Burkina Faso), n=1"
01_026,"Pearl millet, variety ikmp 8, whole grain, raw (Burkina Faso) n=1","Mil chandelle, variété ikmp 8, grain entier, cru (Burkina Faso) n=1",01_026,"Pearl millet, IKMP 8 variety, whole grains, raw (Burkina Faso), n=1","Mil à chandelle, variété IKMP 8, grain entier, cru (Burkina Faso), n=1"
01_027,"Pearl millet, variety ikmp 9, whole grain, raw (Burkina Faso) n=1","Mil chandelle, variété ikmp 9, grain entier, cru (Burkina Faso) n=1",01_027,"Pearl millet, IKMP 9 variety, whole grains, raw (Burkina Faso), n=1","Mil à chandelle, variété IKMP 9, grain entier, cru (Burkina Faso), n=1"
01_028,"Pearl millet, variety ikmp 10, whole grain, raw (Burkina Faso) n=1","Mil chandelle, variété ikmp 10, grain entier, cru (Burkina Faso) n=1",01_028,"Pearl millet, IKMP 10 variety, whole grains, raw (Burkina Faso), n=1","Mil à chandelle, variété IKMP 10, grain entier, cru (Burkina Faso), n=1"
01_029,"Pearl millet, variety ikmp 11, whole grain, raw (Burkina Faso) n=1","Mil chandelle, variété ikmp 11, grain entier, cru (Burkina Faso) n=1",01_029,"Pearl millet, IKMP 11 variety, whole grains, raw (Burkina Faso), n=1","Mil à chandelle, variété IKMP 11, grain entier, cru (Burkina Faso), n=1"
01_030,"Pearl millet, variety ikmp 12, whole grain, raw (Burkina Faso) n=1","Mil chandelle, variété ikmp 12, grain entier, cru (Burkina Faso) n=1",01_030,"Pearl millet, IKMP 12 variety, whole grains, raw (Burkina Faso), n=1","Mil à chandelle, variété IKMP 12, grain entier, cru (Burkina Faso), n=1"
01_031,"Pearl millet, variety ikmp 13, whole grain, raw (Burkina Faso) n=1","Mil chandelle, variété ikmp 13, grain entier, cru (Burkina Faso) n=1",01_031,"Pearl millet, IKMP 13 variety, whole grains, raw (Burkina Faso), n=1","Mil à chandelle, variété IKMP 13, grain entier, cru (Burkina Faso), n=1"
01_032,"Pearl millet, combined varieties, whole grain, raw (Burkina Faso)","Mil chandelle, variétés combinées, grain entier, cru (Burkina Faso)",01_032,"Pearl millet, combined varieties, whole grains, raw (Burkina Faso)","Mil à chandelle, mélange de variétés, grains entiers, cru (Burkina Faso)"
01_064,"Pearl millet, combined varieties, whole grain, boiled* (without salt)","Mil chandelle, variétés combinées, grain entier, bouilli* (sans sel) (Burkina Faso)",01_064,"Pearl millet, combined varieties, whole grains (Burkina Faso), boiled* (without salt), drained","Mil à chandelle, mélange de variétés, grains entiers, (Burkina Faso), bouilli* (sans sel), égoutté"
01_034,"Rice, brown, raw","Riz, brun, cru",01_034,"Rice, brown, raw","Riz, brun, cru"
01_035,"Rice, brown, boiled* (without salt)","Riz, brun, bouilli* (sans sel)",01_035,"Rice, brown, boiled* (without salt), drained","Riz, brun, bouilli* (sans sel), égoutté"
01_065,"Rice, red native, hulled, raw","Riz, rouge, indigène, décortiqué, cru",01_065,"Rice, red native, hulled, raw","Riz, rouge, indigène, décortiqué, cru"
01_066,"Rice, red native, hulled, boiled* (without salt)","Riz, rouge, indigène, décortiqué, bouilli* (sans sel)",01_066,"Rice, red native, hulled, boiled* (without salt), drained","Riz, rouge, indigène, décortiqué, bouilli* (sans sel), égoutté"
01_067,"Rice, red native,  milled, raw","Riz, rouge, indigène, poli, cru",01_067,"Rice, red native, milled, raw","Riz, rouge, indigène, blanchi, cru"
01_068,"Rice, red native, milled, boiled* (without salt)","Riz, rouge, indigène, poli, bouilli* (sans sel)",01_068,"Rice, red native, milled, boiled* (without salt), drained","Riz, rouge, indigène, blanchi, bouilli* (sans sel), égoutté"
01_036,"Rice, white, polished, raw","Riz, blanc, poli, cru",01_036,"Rice, white, polished, raw","Riz, blanc, poli, cru"
01_069,"Rice, white, polished, boiled* (without salt)","Riz, blanc, poli, bouilli* (sans sel)",01_069,"Rice, white, polished, boiled* (without salt), drained","Riz, blanc, poli, bouilli* (sans sel), égoutté"
01_037,"Rice, white, raw","Riz, blanc, cru",01_037,"Rice, white, raw","Riz, blanc, cru"
01_038,"Rice, white, boiled* (without salt)","Riz, blanc, bouilli* (sans sel)",01_038,"Rice, white, boiled* (without salt), drained","Riz, blanc, bouilli* (sans sel), égoutté"
01_039,"Sorghum, whole grain, raw ","Sorgho, grain entier, cru",01_039,"Sorghum, whole grains, raw","Sorgho, grains entiers, cru"
01_042,"Sorghum, whole grain, boiled* (without salt)","Sorgho, grain entier, bouilli* (sans sel)",01_042,"Sorghum, whole grains, boiled* (without salt), drained","Sorgho, grains entiers, bouilli* (sans sel), égoutté"
01_041,"Sorghum, whole grain, red, raw","Sorgho, grain entier, rouge, cru",01_041,"Sorghum, whole grains, red, raw","Sorgho, grains entiers, rouge, cru"
01_070,"Sorghum, whole grain, red, boiled* (without salt)","Sorgho, grain entier, rouge, bouilli* (sans sel)",01_070,"Sorghum, whole grains, red, boiled* (without salt), drained","Sorgho, grains entiers, rouge, bouilli* (sans sel), égoutté"
01_040,"Sorghum, whole grain, white, raw","Sorgho, grain entier, blanc, cru",01_040,"Sorghum, whole grains, white, raw","Sorgho, grains entiers, blanc, cru"
01_071,"Sorghum, whole grain, white, boiled* (without salt)","Sorgho, grain entier, blanc, bouilli* (sans sel)",01_071,"Sorghum, whole grains, white, boiled* (without salt), drained","Sorgho, grains entiers, blanc, bouilli* (sans sel), égoutté"
01_072,"Sorghum, flour, degermed","Sorgho, farine, dégermé",01_072,"Sorghum, flour, degermed","Sorgho, farine, dégermé"
01_073,"Wheat, bran","Blé, son",01_073,"Wheat, bran, raw","Blé, son, cru"
01_043,"Wheat flour, white","Blé, farine, blanc",01_043,"Wheat flour, white, unfortified","Farine de blé, blanche, non enrichie"
01_074,"Wheat, whole grains, raw","Blé, grain entier, cru",01_074,"Wheat, whole grains, raw","Blé, grains entiers, cru"
"02 Starchy roots, tubers and their products/Racines féculentes, tubercules et produits dérivés",,,"02 Starchy roots, tubers and their products/Racines amylacées, tubercules et produits dérivés",,
02_001,"Cassava, tuber, raw","Manioc, racine, crue",02_001,"Cassava, tuber, white flesh, raw","Manioc, tubercule, chair blanche, cru"
02_003,"Cassava, tuber, boiled* (without salt)","Manioc, racine, bouillie* (sans sel)",02_003,"Cassava, tuber, white flesh, boiled* (without salt), drained","Manioc, tubercule, chair blanche, bouilli* (sans sel), égoutté"
02_002,"Cassava, tuber, dried","Manioc, racine, séchée",02_002,"Cassava, tuber, white flesh, dried","Manioc, tubercule, chair blanche, séché"
02_021,"Cassava sweet, tuber, dried","Manioc doux, racine, séchée",02_021,"Cassava, sweet, tuber, white flesh, dried","Manioc, doux, tubercule, chair blanche, séché"
02_004,Cassava flour,"Manioc, farine",02_004,"Cassava, flour, from white cassava","Manioc, farine, de manioc blanc"
02_005,"Cocoyam, tuber, raw ","Chou caraïbe, racine, crue",02_005,"Cocoyam, tuber, white, raw","Chou caraïbe, tubercule, blanc, cru"
02_006,"Cocoyam, tuber, boiled* (without salt)","Chou caraïbe, racine, bouillie* (sans sel)",02_006,"Cocoyam, tuber, white, boiled* (without salt), drained","Chou caraïbe, tubercule, blanc, bouilli* (sans sel), égoutté"
02_009,"Potato, raw","Pomme de terre, crue",02_009,"Potato, raw","Pomme de terre, crue"
02_010,"Potato, boiled* (without salt)","Pomme de terre, bouillie* (sans sel)",02_010,"Potato, boiled* (without salt), drained","Pomme de terre, bouillie* (sans sel), égouttée"
02_022,"Sweet potato, pale yellow, raw","Patate douce,  jaune pâle, crue",02_022,"Sweet potato, pale flesh (white/cream/pale yellow), raw","Patate douce, chair claire (blanche/crème/jaune pâle), crue"
02_023,"Sweet potato, pale yellow, boiled* (without salt)","Patate douce,  jaune pâle, bouillie* (sans sel)",02_023,"Sweet potato, pale flesh (white/cream/pale yellow), boiled* (without salt), drained","Patate douce, chair claire (blanche/crème/jaune pâle), bouillie* (sans sel), égouttée"
02_013,"Sweet potato, yellow, raw","Patate douce, jaune, crue",02_013,"Sweet potato, yellow flesh, raw","Patate douce, chair jaune, crue"
02_014,"Sweet potato, yellow, boiled* (without salt)","Patate douce, jaune, bouillie* (sans sel)",02_014,"Sweet potato, yellow flesh, boiled* (without salt), drained","Patate douce, chair jaune, bouillie* (sans sel), égouttée"
02_011,"Sweet potato, deep yellow, raw","Patate douce, jaune foncé, crue",02_011,"Sweet potato, deep yellow flesh, raw","Patate douce, chair jaune foncé, crue"
02_012,"Sweet potato, deep yellow, boiled* (without salt)","Patate douce, jaune foncé, bouillie* (sans sel)",02_012,"Sweet potato, deep yellow flesh, boiled* (without salt), drained","Patate douce, chair jaune foncé, bouillie* (sans sel), égouttée"
02_015,"Taro, tuber, raw","Taro, racine, crue",02_015,"Taro, tuber, white, raw","Taro, tubercule, blanc, cru"
02_016,"Taro, tuber, boiled* (without salt)","Taro, racine, bouillie* (sans sel)",02_016,"Taro, tuber, white, boiled* (without salt), drained","Taro, tubercule, blanc, bouilli* (sans sel), égoutté"
02_024,"Tiger nut, tuber, raw","Gland de terre, racine, crue",02_024,"Tiger nut, tuber, raw","Souchet comestible (« noix tigrée »), tubercule, cru"
02_025,"Tiger nut, tuber, boiled* (without salt)","Gland de terre, racine, bouillie* (sans sel)",02_025,"Tiger nut, tuber, boiled* (without salt), drained","Souchet comestible (« noix tigrée »), tubercule, bouilli* (sans sel), égoutté"
02_026,"Tiger nut, tuber dried","Gland de terre, racine, séchée",02_026,"Tiger nut, tuber, dried","Souchet comestible (« noix tigrée »), tubercule, séché"
02_017,"Water yam, tuber, raw","Grande igname, racine, crue",02_017,"Water yam, tuber, raw","Grande igname, tubercule, crue"
02_018,"Water yam, tuber, boiled* (without salt)","Grande igname, racine, bouillie* (sans sel)",02_018,"Water yam, tuber, boiled* (without salt), drained","Grande igname, tubercule, bouillie* (sans sel), égouttée"
02_019,"Yam tuber, raw","Igname, racine, crue",02_019,"Yam, tuber, pale, raw","Igname, tubercule, chair pâle, cru"
02_020,"Yam tuber, boiled* (without salt)","Igname, racine, bouillie* (sans sel)",02_020,"Yam, tuber, pale, boiled* (without salt), drained","Igname, tubercule, chair pâle, bouilli* (sans sel), égoutté"
02_027,"Yam  tuber, Isu akoko, raw (Nigeria) n=1","Igname, racine, Isu akoko, crue (Nigeria)",02_027,"Yam, tuber, Isu akoko, raw (Nigeria), n=1","Igname, tubercule, Isu akoko, cru (Nigéria), n=1"
02_028,"Yam tuber, Isu oko,raw (Nigeria) n=1","Igname, racine, Isu oko, crue (Nigeria)",02_028,"Yam, tuber, Isu oko, raw (Nigeria), n=1","Igname, tubercule, Isu oko, cru (Nigéria), n=1"
02_029,"Yam,  tuber, Amara, raw (Nigeria) n=1","Igname, racine, Amara, crue (Nigeria)",02_029,"Yam, tuber, Amara, raw (Nigeria), n=1","Igname, tubercule, Amara, cru (Nigéria), n=1"
02_030,"Yam, tuber, Chika, kundu, raw (Nigeria) n=1","Igname, racine, Chika kundu, crue (Nigeria)",02_030,"Yam, tuber, Chika, kundu, raw (Nigeria), n=1","Igname, tubercule, Chika, kundu, cru (Nigéria), n=1"
02_031,"Yam, tuber, Isu Abuja, raw (Nigeria) n=1","Igname, racine, Isu Abuja, crue (Nigeria)",02_031,"Yam, tuber, Isu Abuja, raw (Nigeria), n=1","Igname, tubercule, Isu Abuja, cru (Nigéria), n=1"
02_032,"Yam, tuber, Pepa, raw (Nigeria) n=1","Igname, racine, Pepa, crue (Nigeria)",02_032,"Yam, tuber, Pepa, raw (Nigeria), n=1","Igname, tubercule, Pepa, cru (Nigéria), n=1"
02_033,"Yam, tuber, Giwa, raw (Nigeria) n=1","Igname, racine, Giwa, crue (Nigeria)",02_033,"Yam, tuber, Giwa, raw (Nigeria), n=1","Igname, tubercule, Giwa, cru (Nigéria), n=1"
02_034,"Yam tuber, combined cultivars, raw (Nigeria)","Igname, racine, variétés combinées, crue (Nigeria)",02_034,"Yam, tuber, combined cultivars, raw (Nigeria)","Igname, tubercule, cultivars combinés, cru (Nigéria)"
02_035,"Yam tuber, combined cultivars, boiled (Nigeria)* (without salt)","Igname, racine, variétés combinées, bouillie (Nigeria)* (sans sel)",02_035,"Yam, tuber, combined cultivars (Nigeria), boiled* (without salt), drained","Igname, tubercule, cultivars combinés (Nigéria), bouilli* (sans sel), égoutté"
02_036,"Yam tuber, flour","Igname, racine, farine",02_036,"Yam, tuber, flour, from white yam tuber","Igname, tubercule, blanc, farine"
03 Legumes and their products/Légumineuses et produits dérivés,,,03 Legumes and their products/Légumineuses et produits dérivés,,
03_009,"African locust bean, seeds, dried","Néré, graines, séchées",03_009,"African locust bean, dry, raw","Néré, sec, cru"
03_010,"African yam bean, dried, raw","Haricot igname, sec, cru",03_010,"African yam bean, dry, raw","Haricot igname, sec, cru"
03_011,"African yam bean, boiled* (without salt)","Haricot igname, bouilli* (sans sel)",03_011,"African yam bean, not soaked, boiled* (without salt), drained","Haricot igname, non trempé, bouilli* (sans sel), égoutté"
03_001,"Bambara groundnut, dried, raw ","Pois bambara, sec, crue ",03_001,"Bambara groundnut, dry, raw","Pois bambara, sec, cru"
03_012,"Bambara groundnut, boiled* (without salt)","Pois bambara, bouilli* (sans sel)",03_012,"Bambara groundnut, not soaked, boiled* (without salt), drained","Pois bambara, non trempé, bouilli* (sans sel), égoutté"
03_013,"Bambara groundnut, black-white-eye, dried, raw (Ghana) n=1","Pois bambara, œil noir et blanc, sec, cru (Ghana)",03_013,"Bambara groundnut, black white-eye, dry, raw (Ghana), n=1","Pois bambara, œil noir et blanc, sec, cru (Ghana), n=1"
03_014,"Bambara groundnut, brown white-eye, dried, raw (Ghana) n=1","Pois bambara, œil brun et blanc, sec, cru (Ghana)",03_014,"Bambara groundnut, brown white-eye, dry, raw (Ghana), n=1","Pois bambara, œil brun et blanc, sec, cru (Ghana), n=1"
03_015,"Bambara groundnut, Cream black-eye, dried, raw (Ghana) n=1","Pois bambara, œil crème et noir, sec, cru(Ghana)",03_015,"Bambara groundnut, cream black-eye, dry, raw (Ghana), n=1","Pois bambara, œil crème et noir, sec, cru (Ghana), n=1"
03_016,"Bambara groundnut, Cream pink-eye, dried, raw (Ghana) n=1","Pois bambara, œil crème et rose, sec, cru(Ghana)",03_016,"Bambara groundnut, cream pink-eye, dry, raw (Ghana), n=1","Pois bambara, œil crème et rose, sec, cru (Ghana), n=1"
03_017,"Bambara groundnut, maroon white-eye, dried, raw (Ghana) n=1","Pois bambara, œil bordeaux et blanc, sec, cru(Ghana)",03_017,"Bambara groundnut, maroon white-eye, dry, raw (Ghana), n=1","Pois bambara, œil bordeaux et blanc, sec, cru (Ghana), n=1"
03_018,"Bambara groundnut, combined varieties, dried, raw (Ghana)","Pois bambara, variétés combinées, sec, cru(Ghana)",03_018,"Bambara groundnut, combined varieties, dry, raw (Ghana)","Pois bambara, mélange de variétés, sec, cru (Ghana)"
03_019,"Bambara groundnut, combined varieties, boiled* (Ghana)(without salt)","Pois bambara, variétés combinées, bouilli* (Ghana) (sans sel)",03_019,"Bambara groundnut, combined varieties (Ghana), not soaked, boiled* (without salt), drained","Pois bambara, mélange de variétés (Ghana), non trempé, bouilli* (sans sel), égoutté"
03_002,"Bambara groundnut, red, dried, raw","Pois bambara, rouge, sec, cru",03_002,"Bambara groundnut, red, dry, raw","Pois bambara, rouge, sec, cru"
03_020,"Bambara groundnut, red, boiled*(without salt)","Pois bambara, rouge, bouilli* (sans sel)",03_020,"Bambara groundnut, red, not soaked, boiled* (without salt), drained","Pois bambara, rouge, non trempé, bouilli* (sans sel), égoutté"
03_003,"Bambara groundnuts, white, raw","Pois bambara, blanc, cru",03_003,"Bambara groundnut, white, dry, raw","Pois bambara, blanc, sec, cru"
03_021,"Bambara groundnuts, white, boiled* (without salt)","Pois bambara, blanc, bouilli* (sans sel)",03_021,"Bambara groundnut, white, not soaked, boiled* (without salt), drained","Pois bambara, blanc, non trempé, bouilli* (sans sel), égoutté"
03_022,"Beans, white, dried","Haricot, blanc, sec",03_022,"Bean, white, dry, raw","Haricot blanc, sec, cru"
03_023,"Beans, white, boiled* (without salt)","Haricot, blanc, bouilli* (sans sel)",03_023,"Bean, white, not soaked, boiled* (without salt), drained","Haricot blanc, non trempé, bouilli* (sans sel), égoutté"
03_024,"Broad beans, dried, raw","Fève, sèche, crue",03_024,"Broad bean, dry, raw","Fève, sèche, crue"
03_025,"Broad beans,  boiled* (without salt)","Fève, bouillie (sans sel)*",03_025,"Broad bean, not soaked, boiled* (without salt), drained","Fève, non trempée, bouillie* (sans sel), égouttée"
03_004,"Cowpea, dried, raw","Niébé, sec, cru",03_004,"Cowpea, dry, raw","Niébé, sec, cru"
03_007,"Cowpea, boiled* (without salt)","Niébé, bouilli* (sans sel)",03_007,"Cowpea, not soaked, boiled* (without salt), drained","Niébé, non trempé, bouilli* (sans sel), égoutté"
03_005,"Cowpea, black, dried, raw","Niébé, noir, sec, cru",03_005,"Cowpea, black, dry, raw","Niébé, noir, sec, cru"
03_026,"Cowpea, black, boiled* (without salt)","Niébé, noir, bouilli* (sans sel)",03_026,"Cowpea, black, not soaked, boiled* (without salt), drained","Niébé, noir, non trempé, bouilli* (sans sel), égoutté"
03_027,"Cowpea, brown, dried, raw","Niébé, brun, sec, cru",03_027,"Cowpea, brown, dry, raw","Niébé, brun, sec, cru"
03_028,"Cowpea, brown, boiled* (without salt)","Niébé, brun, bouilli* (sans sel)",03_028,"Cowpea, brown, not soaked, boiled* (without salt), drained","Niébé, brun, non trempé, bouilli* (sans sel), égoutté"
03_006,"Cowpea, white, dried, raw","Niébé, blanc, sec, cru",03_006,"Cowpea, white, dry, raw","Niébé, blanc, sec, cru"
03_029,"Cowpea, white, boiled* (without salt)","Niébé, blanc, bouilli* (sans sel)",03_029,"Cowpea, white, not soaked, boiled* (without salt), drained","Niébé, blanc, non trempé, bouilli* (sans sel), égoutté"
03_030,"Lentils, dried, raw","Lentilles, sèches, crues",03_030,"Lentil, dry, raw","Lentille, sèche, crue"
03_031,"Lentils, boiled* (without salt)","Lentilles, bouillies* (sans sel)",03_031,"Lentil, not soaked, boiled* (without salt), drained","Lentille, non trempée, bouillie* (sans sel), égouttée"
03_032,"Pigeon pea, dried, raw","Pois d’Angole, sec, cru",03_032,"Pigeon pea, dry, raw","Pois d’Angole, sec, cru"
03_033,"Pigeon pea, boiled* (without salt)","Pois d’Angole, bouilli* (sans sel)",03_033,"Pigeon pea, not soaked, boiled* (without salt), drained","Pois d’Angole, non trempé, bouilli* (sans sel), égoutté"
03_008,"Soya bean, dried, raw","Soja, sec, cru",03_008,"Soya bean, dry, raw","Soja, sec, cru"
03_034,"Soya bean, boiled* (without salt)","Soja, bouilli* (Ghana) (sans sel)",03_034,"Soya bean, not soaked, boiled* (without salt), drained","Soja, non trempé, bouilli* (sans sel), égoutté"
03_035,"Soybean, Salintuya-1, dried, raw (Ghana) n=1","Soja, Salintuya-1, sec, cru (Ghana)",03_035,"Soya bean, Salintuya-1 variety, dry, raw (Ghana), n=1","Soja, variété Salintuya-1, sec, cru (Ghana), n=1"
03_036,"Soybean, Anidaso, dried, raw (Ghana) n=1","Soja, Anidaso, sec, cru (Ghana)",03_036,"Soya bean, Anidaso variety, dry, raw (Ghana), n=1","Soja, variété Anidaso, sec, cru (Ghana), n=1"
03_037,"Soybean, Quarshie,dried, raw (Ghana) n=1","Soja, Quarshie, sec, cru (Ghana)",03_037,"Soya bean, Quarshie variety, dry, raw (Ghana), n=1","Soja, variété Quarshie, sec, cru (Ghana), n=1"
03_038,"Soybean, Jenguma, dried, raw (Ghana) n=1","Soja, Jenguma, sec, cru (Ghana)",03_038,"Soya bean, Jenguma variety, dry, raw (Ghana), n=1","Soja, variété Jenguma, sec, cru (Ghana), n=1"
03_039,"Soya bean, combined varieties, dried, raw (Ghana)","Soja, variétés combinées, sec, cru (Ghana)",03_039,"Soya bean, combined varieties, dry, raw (Ghana)","Soja, mélange de variétés, sec, cru (Ghana)"
03_040,"Soya bean, combined varieties, boiled* (Ghana)(without salt)","Soja, variétés combinées, bouilli* (Ghana) (sans sel)",03_040,"Soya bean, combined varieties (Ghana), not soaked, boiled* (without salt), drained","Soja, mélange de variétés (Ghana), non trempé, bouilli* (sans sel), égoutté"
04 Vegetables and their products/Légumes et produits dérivés,,,04 Vegetables and their products/Légumes et produits dérivés,,
04_023,"Amaranth leaves, raw","Amarante, feuilles, crue",04_023,"Amaranth, leaves, fresh, raw","Amaranthe, feuilles, fraîches, crues"
04_024,"Amaranth leaves, boiled* (without salt)","Amarante, feuilles, bouillie* (sans sel)",04_024,"Amaranth, leaves, fresh, boiled* (without salt), drained","Amaranthe, feuilles, fraîches, bouillies* (sans sel), égouttées"
04_001,"Baobab, leaves,  raw","Baobab, feuilles, cru",04_001,"Baobab, leaves, fresh, raw","Baobab, feuilles, fraîches, crues"
04_025,"Baobab, leaves, boiled* (without salt)","Baobab, feuilles, bouilli* (sans sel)",04_025,"Baobab, leaves, fresh, boiled* (without salt), drained","Baobab, feuilles, fraîches, bouillies* (sans sel), égouttées"
04_002,"Baobab leaves, dried","Baobab, feuilles, séché",04_002,"Baobab, leaves, dried","Baobab, feuilles, séchées"
04_003,"Beans, green raw","Haricot, vert, cru",04_003,"Bean, green, raw","Haricot vert, cru"
04_026,"Beans, green, boiled* (without salt)","Haricot, vert, bouilli* (sans sel)",04_026,"Bean, green, boiled* (without salt), drained","Haricot vert, bouilli* (sans sel), égoutté"
04_005,"Cabbage, raw","Chou, cru",04_005,"Cabbage, white, raw","Chou, blanc, cru"
04_027,"Cabbage, boiled* (without salt)","Chou, bouilli* (sans sel)",04_089,"Cabbage, white, boiled* (without salt), drained","Chou, blanc, bouilli* (sans sel), égoutté"
04_006,"Carrot, raw","Carotte, crue",04_006,"Carrot, raw","Carotte, crue"
04_007,"Carrot, boiled* (without salt)","Carotte, bouillie* (sans sel)",04_007,"Carrot, boiled* (without salt), drained","Carotte, bouillie* (sans sel), égouttée"
04_008,"Cassava, leaves, raw","Manioc, feuilles, cru",04_008,"Cassava, leaves, fresh, raw","Manioc, feuilles, fraîches, crues"
04_028,"Cassava, leaves, boiled* (without salt)","Manioc, feuilles, bouillie* (sans sel)",04_028,"Cassava, leaves, fresh, boiled* (without salt), drained","Manioc, feuilles, fraîches, bouillies* (sans sel), égouttées"
04_009,"Cocoyam, leaves, raw","Chou caraïbe, feuilles, cru",04_009,"Cocoyam, leaves, fresh, raw","Chou caraïbe, feuilles, fraîches, crues"
04_029,"Cocoyam, leaves, boiled* (without salt)","Chou caraïbe, feuilles, bouilli* (sans sel)",04_029,"Cocoyam, leaves, fresh, boiled* (without salt), drained","Chou caraïbe, feuilles, fraîches, bouillies* (sans sel), égouttées"
04_010,"Cowpea, leaves, raw","Niébé, feuilles, cru",04_010,"Cowpea, leaves, fresh, raw","Niébé, feuilles, fraîches, crues"
04_030,"Cowpea, leaves, boiled* (without salt)","Niébé, feuilles, bouilli* (sans sel)",04_030,"Cowpea, leaves, fresh, boiled* (without salt), drained","Niébé, feuilles, fraîches, bouillies* (sans sel), égouttées"
04_031,"Cowpea leaves, dried","Niébé, feuilles, séché",04_031,"Cowpea, leaves, dried","Niébé, feuilles, séchées"
04_032,"Cucumber, raw","Concombre, cru",04_032,"Cucumber, unpeeled, raw","Concombre, non pelé, cru"
04_011,"Drumstick  leaves, raw","Ben oléifère, feuilles, cru",04_011,"Moringa (drumstick), leaves, fresh, raw","Moringa (ben oléifère), feuilles, fraîches, crues"
04_033,"Drumstick leaves, boiled* (without salt)","Ben oléifère, feuilles, bouilli* (sans sel)",04_033,"Moringa (drumstick), leaves, fresh, boiled* (without salt), drained","Moringa (ben oléifère), feuilles, fraîches, bouillies* (sans sel), égouttées"
04_012,"Eggplant, raw","Aubergine, crue",04_012,"Eggplant, fruit, raw","Aubergine, fruit, cru"
04_034,"Eggplant, boiled* (without salt)","Aubergine, bouillie* (sans sel)",04_034,"Eggplant, fruit, boiled* (without salt), drained","Aubergine, fruit, bouilli* (sans sel), égoutté"
04_013,"Eggplant leaves, raw","Aubergine, feuilles, crue",04_013,"Eggplant, leaves, fresh, raw","Aubergine, feuilles, fraîches, crues"
04_035,"Eggplant leaves, boiled* (without salt)","Aubergine, feuilles, bouillie* (sans sel)",04_035,"Eggplant, leaves, fresh, boiled* (without salt), drained","Aubergine, feuilles, fraîches, bouillies* (sans sel), égouttées"
04_036,"False sesame, leaves, raw","Faux sésame, feuilles, cru",04_036,"False sesame, leaves, fresh, raw","Faux sésame, feuilles, fraîches, crues"
04_037,"False sesame, leaves, boiled* (without salt)","Faux sésame, feuilles, bouilli* (sans sel)",04_037,"False sesame, leaves, fresh, boiled* (without salt), drained","Faux sésame, feuilles, fraîches, bouillies* (sans sel), égouttées"
04_014,"False sesame, leaves, dried","Faux sésame, feuilles, séché",04_014,"False sesame, leaves, dried","Faux sésame, feuilles, séchées"
04_015,"Garlic, raw","Ail, cru",04_015,"Garlic, flesh, raw","Ail, chair, cru"
04_038,"Jute (bush-okra) leaves, raw","Jute, feuilles, cru",04_038,"Jute mallow (bush-okra), leaves, fresh, raw","Corète potagère, feuilles, fraîches, crues"
04_039,"Jute (bush-okra) leaves, boiled* (without salt)","Jute, feuilles, bouilli* (sans sel)",04_039,"Jute mallow (bush-okra), leaves, fresh, boiled* (without salt), drained","Corète potagère, feuilles, fraîches, bouillies* (sans sel), égouttées"
04_040,"Lettuce, raw","Laitue, crue",04_040,"Lettuce, raw","Laitue, crue"
04_004,"Okra leaves, raw","Gombo, feuilles, cru",04_004,"Okra, leaves, fresh, raw","Gombo, feuilles, fraîches, crues"
04_041,"Okra leaves, boiled* (without salt)","Gombo, feuilles, bouilli* (sans sel)",04_041,"Okra, leaves, fresh, boiled* (without salt), drained","Gombo, feuilles, fraîches, bouillies* (sans sel), égouttées"
04_017,"Okra fruit, raw","Gombo, cru",04_017,"Okra, fruit, fresh, raw","Gombo, fruit, frais, cru"
04_042,"Okra fruit, boiled* (without salt)","Gombo, bouilli* (sans sel)",04_042,"Okra, fruit, fresh, boiled* (without salt), drained","Gombo, fruit, frais, bouilli* (sans sel), égoutté"
04_018,"Onion, raw","Oignon, cru",04_018,"Onion, fresh, raw","Oignon, frais, cru"
04_043,"Onion, boiled* (without salt)","Oignon, bouilli* (sans sel)",04_043,"Onion, fresh, boiled* (without salt), drained","Oignon, frais, bouilli* (sans sel), égoutté"
04_044,"Onions, dried","Oignon, sec",04_044,"Onion, dried","Oignon, séché"
04_045,"Parsley, fresh","Persil, frais",04_045,"Parsley, fresh, raw","Persil, frais, cru"
04_046,"Peppers, chilli, raw","Piment, fort, cru ",04_046,"Pepper, chilli, fresh, raw","Piment, frais, cru"
04_047,"Pepper, sweet, red, raw","Poivron, doux, rouge, cru",04_047,"Pepper, sweet, red, fresh, raw","Poivron rouge, frais, cru"
04_048,"Pepper, sweet, red, boiled* (without salt)","Poivron, doux, rouge, bouilli* (sans sel)",04_048,"Pepper, sweet, red, fresh, boiled* (without salt), drained","Poivron rouge, frais, bouilli* (sans sel), égoutté"
04_049,"Pepper, sweet, green, raw","Poivron, doux, vert, cru",04_049,"Pepper, sweet, green, fresh, raw","Poivron vert, frais, cru"
04_050,"Pepper, sweet, green, boiled* (without salt)","Poivron, doux, vert, bouilli* (sans sel)",04_050,"Pepper, sweet, green, fresh, boiled* (without salt), drained","Poivron vert, frais, bouilli* (sans sel), égoutté"
04_051,"Pumpkin, squash, raw","Courge/citrouille, crue",04_051,"Pumpkin, squash, light orange flesh, raw","Courge, chair orange clair, crue"
04_052,"Pumpkin, squash, boiled* (without salt)","Courge/citrouille, bouillie* (sans sel)",04_052,"Pumpkin, squash, light orange flesh, boiled* (without salt), drained","Courge, chair orange clair, bouillie* (sans sel), égouttée"
04_053,"Pumpkin leaves, raw","Courge, feuilles, crue",04_053,"Pumpkin, leaves, fresh, raw","Citrouille, feuilles, fraîches, crues"
04_054,"Pumpkin leaves, boiled* (without salt)","Courge, feuilles, bouillie* (sans sel)",04_054,"Pumpkin, leaves, fresh, boiled* (without salt), drained","Citrouille, feuilles, fraîches, bouillies* (sans sel), égouttées"
04_055,"Pumpkin leaves, dried","Courge, feuilles, séchée",04_055,"Pumpkin, leaves, dried","Citrouille, feuilles, séchées"
04_016,"Roselle leaves, raw","Oseille de Guinée, feuilles, crue",04_016,"Hibiscus, leaves, fresh, raw","Oseille de Guinée, feuilles, fraîches, crues"
04_056,"Roselle leaves, boiled* (without salt)","Oseille de Guinée, feuilles, bouillie* (sans sel)",04_056,"Hibiscus, leaves, fresh, boiled* (without salt), drained","Oseille de Guinée, feuilles, fraîches, bouillies* (sans sel), égouttées"
04_057,"Spinach, raw","Épinards, crus",04_057,"Spinach, leaves, fresh, raw","Épinard, feuilles, fraîches, crues"
04_058,"Spinach, boiled* (without salt)","Épinards, bouillis* (sans sel)",04_058,"Spinach, leaves, fresh, boiled* (without salt), drained","Épinard, feuilles, fraîches, bouillies* (sans sel), égouttées"
04_059,"Sweet potato, leaves, raw","Patate douce, feuilles, crue",04_059,"Sweet potato, leaves, fresh, raw","Patate douce, feuilles, fraîches, crues"
04_060,"Sweet potato leaves, boiled* (without salt)","Patate douce, feuilles, bouillie* (sans sel)",04_060,"Sweet potato, leaves, fresh, boiled* (without salt), drained","Patate douce, feuilles, fraîches, bouillies* (sans sel), égouttées"
04_019,"Tamarind, leaves, raw","Tamarin, feuilles, cru",04_019,"Tamarind, leaves, fresh, raw","Tamarin, feuilles, fraîches, crues"
04_061,"Tamarind, leaves, boiled* (without salt)","Tamarin, feuilles, bouilli* (sans sel)",04_061,"Tamarind, leaves, fresh, boiled* (without salt), drained","Tamarin, feuilles, fraîches, bouillies* (sans sel), égouttées"
04_062,"Tamarind, leaves, dried","Tamarin, feuilles, séché",04_062,"Tamarind, leaves, dried","Tamarin, feuilles, séchées"
04_020,"Taro, leaves, raw","Taro, feuilles, cru",04_020,"Taro, leaves, fresh, raw","Taro, feuilles, fraîches, crues"
04_063,"Taro, leaves, boiled* (without salt)","Taro, feuilles, bouilli* (sans sel)",04_063,"Taro, leaves, fresh, boiled* (without salt), drained","Taro, feuilles, fraîches, bouillies* (sans sel), égouttées"
04_021,"Tomato, red, ripe, raw","Tomate, rouge, mûre, crue",04_021,"Tomato, red, ripe, raw","Tomate, rouge, mûre, crue"
04_064,"Tomato, red, ripe, boiled* (without salt)","Tomate, rouge, mûre, bouillie* (sans sel)",04_064,"Tomato, red, ripe, boiled* (without salt), drained","Tomate, rouge, mûre, bouillie* (sans sel), égouttée"
04_065,"Tomatoes, canned, packed in juice","Tomate, en conserve avec jus",04_065,"Tomato, canned, packed in juice","Tomate, en conserve avec jus"
04_066,"Tomato paste, concentrated",Concentré de tomate (pâte),04_066,"Tomato, paste, concentrated, without salt","Concentré de tomate, sans sel"
04_067,"Tomato, powder",Tomate en poudre,04_067,"Tomato, powder","Tomate, en poudre"
04_068,"Turnip, raw ","Navet, cru",04_068,"Turnip, raw","Navet, cru"
04_069,"Turnip, boiled* (without salt)","Navet, bouilli* (sans sel)",04_069,"Turnip, boiled* (without salt), drained","Navet, bouilli* (sans sel), égoutté"
04_022,"Vernonia, leaves, raw","Vernonie, feuilles, crue",04_022,"Vernonia, leaves, bitter, fresh, raw","Vernonie, feuilles, amères, fraîches, crues"
04_070,"Vernonia, leaves, boiled* (without salt)","Vernonie, feuilles, bouillie* (sans sel)",04_070,"Vernonia, leaves, bitter, fresh, boiled* (without salt), drained","Vernonie, feuilles, amères, fraîches, bouillies* (sans sel), égouttées"
05 Fruits and their products/Fruits et produits dérivés,,,05 Fruits and their products/Fruits et produits dérivés,,
05_023,"African fan palm, fruit, pulp, raw","Rônier, pulpe, cru",05_023,"African fan palm, fruit, raw","Fruit du palmier rônier, cru"
05_001,"African locust bean, fruit, pulp, raw","Néré, fruit, pulpe, crue",05_001,"African locust bean, fruit, raw","Néré, fruit, cru"
05_024,"African locust bean, flour from fruit, pulp","Néré, farine de la pulpe du fruit ",05_024,"African locust bean, flour from fruit","Néré, farine du fruit"
05_025,"Akee, pulp, raw","Finsan, pulpe, cru",05_025,"Akee, fruit, raw","Akée, fruit, cru"
05_026,"Apple, with skin, raw","Pomme, avec écorce, crue",05_026,"Apple, with skin, raw","Pomme, non épluchée, crue"
05_027,"Apple, without skin, raw","Pomme, sans écorce, crue",05_027,"Apple, without skin, raw","Pomme, épluchée, crue"
05_002,"Avocado, pulp, raw","Avocat, pulpe, cru",05_002,"Avocado, fruit, raw","Avocat, fruit, cru"
05_003,"Banana, white flesh, raw","Banane, pulpe blanche, crue",05_003,"Banana, white flesh, ripe, raw","Banane, chair blanche, mûre, crue"
05_028,"Banana, yellow flesh, raw","Banane, pulpe jaune, crue",05_028,"Banana, yellow flesh, ripe, raw","Banane, chair jaune, mûre, crue"
05_004,"Baobab, fruit/Monkey bread, pulp, raw","Baobab, fruit, pulpe, cru",05_004,"Baobab, fruit/monkey bread, raw","Baobab, fruit/pain de singe, cru"
05_005,"Breadfruit, raw","Fruit à pain, cru",05_005,"Breadfruit, fruit, raw","Arbre à pain, fruit, cru"
05_006,"Cashew apple, pulp, raw","Pomme d’acajou, pulpe, crue",05_006,"Cashew apple, fruit, raw","Pomme de cajou, fruit, cru"
05_029,"Clementine, raw","Clémentine, crue",05_029,"Clementine, raw","Clémentine, crue"
05_007,"Dattock, pulp, raw","Ditax, pulpe, crue",05_007,"Dattock, fruit, raw","Détar, fruit, cru"
05_008,"Dattock, dried pulp, raw","Ditax, pulpe séchée, crue",05_008,"Dattock, fruit, dried","Détar, fruit, séché"
05_030,"Dates, raw","Dates, crues",05_030,"Date, soft, raw","Date, molle, crue"
05_031,"Dates, dried","Dates, séchées",05_031,"Date, dried, raw","Date, séchée, crue"
05_032,"Fig, raw ","Figue, crue",05_032,"Fig, raw","Figue, crue"
05_033,"Fig, dried ","Figue, séchée",05_033,"Fig, dried","Figue, sèche"
05_034,"Fruit cocktail, canned in syrup","Salade de fruits, en conserve, en sirop",05_034,"Fruit cocktail, canned in syrup, undrained","Cocktail de fruits au sirop, en conserve, non égoutté"
05_035,"Grapefruit, pulp, raw","Pamplemousse, pulpe, crue",05_035,"Grapefruit, white, raw","Pamplemousse, blanc, cru"
05_010,"Guava, fruit, raw","Goyave, fruit, cru",05_010,"Guava, fruit, raw","Goyave, fruit, crue"
05_011,"Gumvine, raw","Liane goïne, fruit, cru",05_011,"Gumvine, fruit, raw","Liane goïne, fruit, cru"
05_012,"Jujube, raw","Jujube, crue",05_012,"Jujube, raw","Jujube, cru"
05_013,"Landolphia, pulp, raw","Liane à caoutchouc, pulpe, crue",05_013,"Landolphia, fruit, raw","Liane à caoutchouc, fruit, crue"
05_014,"Lemon, raw","Citron, cru",05_014,"Lemon, raw","Citron, cru"
05_036,"Mango, deep orange flesh","Mangue, pulpe orange foncée",05_036,"Mango, deep orange flesh, raw","Mangue, chair orange foncé, crue"
05_015,"Mango, orange flesh,  raw","Mangue, pulpe orange, crue",05_015,"Mango, orange flesh, ripe, raw","Mangue, chair orange, mûre, crue"
05_037,"Mango, pale flesh, raw","Mangue, pulpe pâle, crue  ",05_037,"Mango, pale flesh, raw","Mangue, chair pâle, crue"
05_038,"Melon, honeydew, raw","Melon, cru",05_038,"Melon, honeydew, pale green flesh, raw","Melon, miellat, chair vert pâle, cru"
05_039,"Melon, cantaloup, raw","Cantaloupe, cru",05_039,"Melon, cantaloupe, orange flesh, raw","Melon, cantaloup, chair orange, cru"
05_016,"Orange, raw","Orange, crue",05_016,"Orange, raw","Orange, crue"
05_040,"Palm nuts, pulp, raw","Noix de palme, pulpe, crue",05_040,"Oil palm, fruit, raw","Noix de palme, crue"
05_017,"Papaya, fruit, ripe, raw","Papaye, fruit, mûr, cru",05_017,"Papaya, fruit, ripe, raw","Papaye, fruit, mûr, cru"
05_018,"Pineapple, pulp, raw","Ananas, pulpe, crue",05_018,"Pineapple, fruit, raw","Ananas, fruit, cru"
05_041,"Pomegranate, raw","Grenade, crue",05_041,"Pomegranate, fruit, raw","Grenade, fruit, crue"
05_042,"Plantain, ripe, raw","Banane plantain, mûre, crue",02_042,"Plantain, ripe, ivory flesh, raw",
,,,02_044,"Plantain, ripe, orange flesh, raw",
05_043,"Plantain, ripe, boiled* (without salt)","Banane plantain, mûre, bouillie* (sans sel)",02_057,"Plantain, ripe, ivory flesh, boiled* (without salt), drained","Banane plantain, mûre, chair ivoire, bouillie* (sans sel), égouttée"
05_043,,,02_059,"Plantain, ripe, orange flesh, boiled* (without salt), drained","Banane plantain, mûre, chair orange, bouillie* (sans sel), égouttée"
05_044,"Shea fruit pulp, raw","Fruit de karité, pulpe, crue",05_044,"Shea, fruit, raw","Noix de karité, crue"
05_019,"Soapberry, fruit, raw","Pomme de savon, fruit, cru",05_019,"Soapberry, fruit, raw","Pomme de savon, fruit, crue"
05_045,"Sweet apple, fruit, raw","Pomme-cannelle, fruit, cru",05_045,"Sweet apple, fruit, raw","Pomme-cannelle, fruit, crue"
05_020,"Tamarind, immature fruit, raw","Tamarin, fruit, pas mûr, cru",05_020,"Tamarind, immature fruit, raw","Tamarin, fruit, non mûr, cru"
05_021,"Tamarind, fruit, ripe, raw","Tamarin, fruit, mûr, cru",05_021,"Tamarind, fruit, ripe, raw","Tamarin, fruit, mûr, cru"
05_022,"Watermelon, fruit, raw","Pastèque, fruit, cru",05_022,"Watermelon, fruit, raw","Pastèque, fruit, cru"
"06 Nuts, seeds and their products/Noix, graines et produits dérivés",,,"06 Nuts, seeds and their products/Noix, graines et produits dérivés",,
06_001,"Cashew nut, raw","Noix de cajou, crue",06_001,"Cashew nut, raw","Noix de cajou, crue"
06_002,"Coconut, mature kernel, fresh, raw","Noix de coco, amande mature, fraîche, crue",06_002,"Coconut, mature kernel, fresh, raw","Noix de coco, amande, mûre, fraîche, crue"
06_004,"Coconut, immature kernel, fresh, raw","Noix de coco, amande immature, fraîche, crue",06_004,"Coconut, immature kernel, fresh, raw","Noix de coco, amande, non mûre, fraîche, crue"
06_005,"Coconut, kernel, dried, raw","Noix de coco, amande, séchée, crue",06_005,"Coconut, kernel, dried, raw","Noix de coco, amande, séchée, crue"
06_006,Coconut milk ,"Noix de coco, lait",06_006,"Coconut milk, fresh or canned","Noix de coco, lait, frais ou en conserve"
06_007,Coconut water,"Noix de coco, eau",12_023,Coconut water,Eau de coco
06_018,"Colanut, raw","Noix de cola, crue",06_018,"Cola nut, fresh, raw","Noix de cola, fraîche, crue"
06_019,"Colanut, dried, raw","Noix de cola, séchée",06_019,"Cola nut, dried, raw","Noix de cola, séchée, crue"
06_008,"Dikanut, kernel, dried, raw","Mangue sauvage, amande, séchée, crue",06_008,"Dikanut, kernel, dried, raw","Noix dika, amande, séchée, crue"
06_010,"Groundnut, shelled, dried, raw","Arachide, écorcée, séchée, crue",06_010,"Groundnut, shelled, dried, raw","Arachide, décortiquée, séchée, crue"
06_020,"Groundnut, Sinkarzie, shelled, dried,  raw (Ghana); n=1","Arachide, Sinkarzie, écorcée, séchée, crue (Ghana)",06_020,"Groundnut, Sinkarzie variety, shelled, dried, raw (Ghana), n=1","Arachide, variété Sinkarzie, décortiquée, séchée, crue (Ghana), n=1"
06_021,"Groundnut, F-mix, shelled, dried,  raw (Ghana); n=1","Arachide, F-mix, écorcée, séchée, crue (Ghana)",06_021,"Groundnut, F-mix variety, shelled, dried, raw (Ghana), n=1","Arachide, variété F-mix, décortiquée, séchée, crue (Ghana), n=1"
06_022,"Groundnut, JL 24, shelled, dried, raw (Ghana); n=1","Arachide, JL 24, écorcée, séchée,crue (Ghana)",06_022,"Groundnut, JL 24 variety, shelled, dried, raw (Ghana), n=1","Arachide, variété JL 24, décortiquée, séchée, crue (Ghana), n=1"
06_023,"Groundnut, Chinese, shelled, dried, raw (Ghana); n=1","Arachide, Chinese, écorcée, séchée,crue (Ghana)",06_023,"Groundnut, Chinese, shelled, dried, raw (Ghana), n=1","Arachide, Chinoise, décortiquée, séchée, crue (Ghana), n=1"
06_024,"Groundnut, Manipintar, shelled, dried, raw (Ghana); n=1","Arachide, Manipintar, écorcée, séchée,crue (Ghana)",06_024,"Groundnut, Manipintar variety, shelled, dried, raw (Ghana), n=1","Arachide, variété Manipintar, décortiquée, séchée, crue (Ghana), n=1"
06_025,"Groundnut, combined varieties, shelled, dried, raw (Ghana)","Arachide,  variétés combinées, écorcée, séchée, crue (Ghana)",06_025,"Groundnut, combined varieties, shelled, dried, raw (Ghana)","Arachide, mélange de variétés, décortiquées, séchées, crues (Ghana)"
06_011,"Groundnut, rose, shelled, dried, raw (Benin)","Arachide, rose, écorcée, séchée, crue (Benin)",06_011,"Groundnut, rose, shelled, dried, raw (Benin)","Arachide, rose, décortiquée, séchée, crue (Bénin) "
06_012,"Groundnut, red, shelled, dried, raw (Benin)","Arachide, rouge, écorcée, séchée, crue (Benin)",06_012,"Groundnut, red, shelled, dried, raw (Benin)","Arachide, rouge, décortiquée, séchée, crue (Bénin)"
06_026,Groundnut paste,"Arachide, pâte",06_026,"Groundnut paste, from groundnuts only","Arachide, pâte pure"
06_027,"Groundnut flour, with fat","Arachide, farine avec graisse",06_027,"Groundnut flour, with fat","Farine d’arachide, non dégraissée"
06_028,"Groundnut flour, defatted","Arachide, farine dégraissé",06_028,"Groundnut flour, partially defatted","Farine d’arachide, partiellement dégraissée"
06_013,"Melon seeds, slightly salted, raw","Melon, graine, légèrement saleé, crue",06_013,"Melon seed, kernel only, dried, raw","Graines d’égousi/pistache africaine, séchées, crues"
06_029,"Palm nut kernel, shelled, raw","Noix de palme, noyau, décortiqué, cru",06_029,"Oil palm, nut (kernel), shelled, raw","Noix de palme (amande), décortiquée, crue"
06_030,"Roselle, red, seed, dried ","Oseille de Guinée (datou), rouge, graine, séchée",06_030,"Hibiscus seed, red, dried, raw","Graines d’oseille de Guinée (datou), rouges, séchées, crues"
06_015,"Sesame seeds, whole, dried, raw","Sésame, graine, crue",06_015,"Sesame seed, whole, dried, raw","Sésame, graines complètes, séchées, crues"
06_016,"Shea nut, seed kernel, dried, raw","Karité, noix, amande, séchée, crue",06_016,"Shea nut, kernel, dried, raw","Karité, noix, séchée, crue"
"07 Meat, poultry and their products/Viande, volaille et produits dérivés",,,"07 Meat, poultry and their products/Viande, volaille et produits dérivés",,
07_008,"Ant flying, dried","Fourmi, volante, séchée",07_008,"Ant, flying, dried","Fourmi, volante, séchée"
07_009,"Beef, meat, lean, boneless, raw","Bœuf, viande, maigre,  désossée, crue",07_009,"Beef meat, lean, ca. 5% fat, raw","Viande de bœuf, maigre, environ 5% de matière grasse, crue"
07_010,"Beef, meat, lean, boiled *(without salt)","Bœuf, viande, maigre, bouillie* (sans sel)",07_010,"Beef meat, lean, ca. 5% fat, boiled* (without salt), drained","Viande de bœuf, maigre, environ 5% de matière grasse, bouillie* (sans sel), égouttée"
07_011,"Beef, meat, lean, grilled *(without salt and fat)","Bœuf, viande, maigre, grillée* (sans sel ou mat. grasse)",07_011,"Beef meat, lean, ca. 5% fat, grilled* (without salt or fat)","Viande de bœuf, maigre, environ 5% de matière grasse, grillée* (sans sel ni graisse)"
07_002,"Beef, meat, 15-20  % fat, boneless, raw","Bœuf, viande, 15- 20  % de mat. grasse, crue",07_002,"Beef meat, moderately fat, ca. 20% fat, raw","Viande de bœuf, teneur modérée en matière grasse (env. 20%), crue"
07_012,"Beef, meat, 15-20  % fat, boiled* (without salt)","Bœuf, viande, 15-20 % de mat. grasse, bouillie* (sans sel)",07_012,"Beef meat, moderately fat, ca. 20% fat, boiled* (without salt), drained","Viande de bœuf, teneur modérée en matière grasse (env. 20%), bouillie* (sans sel), égouttée"
07_013,"Beef, meat, 15-20  % fat, grilled* (without salt and fat)","Bœuf, viande, 15-20 % de mat. grasse, grillée* (sans sel ou mat. grasse)",07_013,"Beef meat, moderately fat, ca. 20% fat, grilled* (without salt or fat)","Viande de bœuf, teneur modérée en matière grasse (env. 20%), grillée* (sans sel ni graisse)"
07_014,"Beef, meat, approx. 30 % fat, boneless, raw","Bœuf, viande, à peu près 30 % de mat. grasse, désossée, crue",07_014,"Beef meat, fatty, ca. 30% fat, raw","Viande de bœuf, grasse, environ 30% de matière grasse, crue"
07_015,"Beef, meat, approx. 30 % fat, boiled* (without salt)","Bœuf, viande, à peu près 30 % de mat. grasse, bouillie*(sans sel)",07_015,"Beef meat, fatty, ca. 30% fat, boiled* (without salt), drained","Viande de bœuf, grasse, environ 30% de matière grasse, bouillie* (sans sel), égouttée"
07_016,"Beef, meat, approx. 30 % fat, grilled* (without salt and fat)","Bœuf, viande, à peu près 30 % de mat. grasse, grillée* (sans sel ou mat. grasse)",07_016,"Beef meat, fatty, ca. 30% fat, grilled* (without salt or fat)","Viande de bœuf, grasse, environ 30% de matière grasse, grillée* (sans sel ni graisse)"
07_017,"Beef, meat, lean, cured, dried","Bœuf, viande, maigre, séchée, fumée, crue",07_017,"Beef meat, lean, cured, dried","Viande de bœuf, maigre, fumée, séchée"
07_001,"Beef liver, raw","Bœuf, foie, cru",07_001,"Beef liver, raw","Foie de bœuf, cru"
07_018,"Beef liver, boiled* (without salt)","Bœuf, foie, bouilli* (sans sel)",07_018,"Beef liver, boiled* (without salt), drained","Foie de bœuf, bouilli* (sans sel), égoutté"
07_019,"Beef, kidney, raw","Bœuf, rognon, cru",07_019,"Beef kidney, raw","Rognon de bœuf, cru"
07_020,"Beef, kidney, stewed *(without salt)","Bœuf, rognon, bouilli* (sans sel)",07_020,"Beef kidney, stewed* (as part of a recipe)","Rognon de bœuf, mijoté* (ingrédient de recette)"
07_021,"Beef, tripe, raw","Bœuf, tripe, crue",07_021,"Beef tripe, raw","Tripes de bœuf, crues"
07_022,"Beef, tripe, boiled* (without salt)","Bœuf, tripe, bouillie* (sans sel)",07_022,"Beef tripe, boiled* (without salt), drained","Tripes de bœuf, bouillies* (sans sel), égouttées"
07_023,"Beef,  ground, 10 % fat, raw","Bœuf, haché, 10 % de mat. grasse",07_023,"Beef meat, ground, ca. 10% fat, raw","Viande de bœuf, hachée, environ 10% de matière grasse, crue"
07_024,"Beef, ground stewed* (without salt)","Bœuf, haché, bouilli* (sans sel)",07_024,"Beef meat, ground, ca. 10% fat, grilled* (without salt or fat)","Viande de bœuf, hachée, environ 10% de matière grasse, grillée* (sans sel ni graisse)"
07_025,"Beef, meat, cured, corned, canned","Bœuf, viande, fumée, salée, en conserve",07_025,"Beef, corned beef, canned","Bœuf, corned beef, en conserve"
07_026,"Bamboo caterpillar, deep fried","Chenille de  bamboo, frit",07_026,"Bamboo caterpillar, deep fried, salted","Chenille de bambou, frite, salée"
07_027,"Game meat, dried","Viande de gibier, séchée",07_027,"Game meat, dried, salted","Viande de gibier, séchée, salée"
07_003,"Chicken, dark meat, flesh, raw","Poulet, cuisse, sans peau, crue",07_003,"Chicken, dark meat without skin, raw","Poulet, chair brune sans la peau, crue"
07_028,"Chicken, dark meat, flesh, boiled* (without salt)","Poulet, cuisse, sans peau, bouillie* (sans sel)",07_028,"Chicken, dark meat without skin, boiled* (without salt), drained","Poulet, chair brune sans la peau, bouillie* (sans sel), égoutté"
07_029,"Chicken, dark meat, flesh, grilled* (without salt and fat)","Poulet, cuisse, sans peau, grillée* (sans sel ou mat. grasse)",07_029,"Chicken, dark meat without skin, grilled* (without salt or fat)","Poulet, chair brune sans la peau, grillée* (sans sel ni graisse)"
07_030,"Chicken, dark meat, flesh and skin, raw","Poulet, cuisse, avec peau, crue",07_030,"Chicken, dark meat with skin, raw","Poulet, chair brune avec la peau, crue"
07_031,"Chicken, dark meat, flesh and skin, boiled* (without salt)","Poulet, cuisse, avce peau, bouillie* (sans sel)",07_031,"Chicken, dark meat with skin, boiled* (without salt), drained","Poulet, chair brune avec la peau, bouillie* (sans sel), égoutté"
07_032,"Chicken, dark meat, flesh and skin, grilled* (without salt and fat)","Poulet, cuisse, avec peau, grillée* (sans sel ou mat. grasse)",07_032,"Chicken, dark meat with skin, grilled* (without salt or fat)","Poulet, chair brune avec la peau, grillée* (sans sel ni graisse)"
07_033,"Chicken, light meat, flesh, raw","Poulet, blanc de poulet, sans peau, cru",07_033,"Chicken, light meat without skin, raw","Poulet, blanc sans la peau, cru"
07_034,"Chicken, light meat, flesh, boiled* (without salt)","Poulet, blanc de poulet, sans peau, bouilli* (sans sel)",07_034,"Chicken, light meat without skin, boiled* (without salt), drained","Poulet, blanc sans la peau, bouilli* (sans sel), égoutté"
07_035,"Chicken, light meat, flesh, grilled* (without salt and fat)","Poulet, blanc de poulet, sans peau, grillé* (sans sel ou mat. grasse)",07_035,"Chicken, light meat without skin, grilled* (without salt or fat)","Poulet, blanc sans la peau, grillé* (sans sel ni graisse)"
07_036,"Chicken, light meat, flesh and skin, raw","Poulet, blanc de poulet, avec peau, cru",07_036,"Chicken, light meat with skin, raw","Poulet, blanc avec la peau, cru"
07_037,"Chicken, light meat, flesh and skin, boiled* (without salt)","Poulet, blanc de poulet, avec peau, bouilli* (sans sel)",07_037,"Chicken, light meat with skin, boiled* (without salt), drained","Poulet, blanc avec la peau, bouilli* (sans sel), égoutté"
07_038,"Chicken, light meat, flesh and skin, grilled* (without salt and fat)","Poulet, blanc de poulet, avec peau, grillé* (sans sel ou mat. grasse)",07_038,"Chicken, light meat with skin, grilled* (without salt or fat)","Poulet, blanc avec la peau, grillé* (sans sel ni graisse)"
07_039,"Chicken giblets, raw","Poulet, abats, crus",07_039,"Chicken giblets, raw","Poulet, abats, crus"
07_040,"Chicken, giblets, braised* (without salt)","Poulet, abats, braisés* (sans sel)",07_040,"Chicken giblets, stewed* (as part of a recipe)","Poulet, abats, mijotés* (ingrédient de recette)"
07_041,"Chicken, liver, raw","Poulet, foie, cru",07_041,"Chicken liver, raw","Foie de poulet, cru"
07_042,"Chicken liver, braised* (without salt)","Poulet, foie, braisé* (sans sel)",07_042,"Chicken liver, stewed* (as part of a recipe)","Foie de poulet, mijoté* (ingrédient de recette)"
07_043,"Mole cricket, blanched","Grillon, blanchi",07_074,"Cricket, fresh, raw","Sauterelle, frais, crue"
07_044,"Crocodile, raw","Crocodile, cru",07_044,"Crocodile meat, raw","Viande de crocodile, crue"
07_045,"Crocodile, boiled* (without salt)","Crocodile, bouilli* (sans sel)",07_045,"Crocodile meat, boiled* (without salt), drained","Viande de crocodile, bouillie* (sans sel), égouttée"
07_046,"Goat, meat, raw","Chèvre, viande, crue",07_046,"Goat meat, moderately fat, ca. 10% fat, raw","Viande de chèvre, teneur modérée en matière grasse (env. 10%), crue"
07_047,"Goat, meat, boiled* (without salt)","Chèvre, viande, bouillie* (sans sel)",07_047,"Goat meat, moderately fat, ca. 10% fat, boiled* (without salt), drained","Viande de chèvre, teneur modérée en matière grasse (env. 10%), bouillie* (sans sel), égouttée"
07_048,"Goat, meat, grilled* (without salt and fat)","Chèvre, viande, grillée* (sanse sel ou mat. grasse)",07_048,"Goat meat, moderately fat, ca. 10% fat, grilled* (without salt or fat)","Viande de chèvre, teneur modérée en matière grasse (env. 10%), grillée* (sans sel ni graisse)"
07_004,"Lamb/mutton, meat, moderately fat, raw","Agneau, viande, moyennement grasse, crue",07_004,"Lamb/mutton meat, moderately fat, ca. 20% fat, raw","Viande d’agneau/mouton, teneur modérée en matière grasse (env. 20%), crue"
07_049,"Lamb/mutton, meat, moderately fat, boiled* (without salt)","Agneau/mouton viande, moyennement grasse, bouillie* (sans sel)",07_049,"Lamb/mutton meat, moderately fat, ca. 20% fat, boiled* (without salt), drained","Viande d’agneau/mouton, teneur modérée en matière grasse (env. 20%), bouillie* (sans sel), égouttée"
07_050,"Lamb/mutton, meat, moderately fat, grilled* (without salt and salt)","Agneau/mouton viande, moyennement grasse, grillée* (sans sel ou mat. grasse)",07_050,"Lamb/mutton meat, moderately fat, ca. 20% fat, grilled* (without salt or fat)","Viande d’agneau/mouton, teneur modérée en matière grasse (env. 20%), grillée* (sans sel ni graisse)"
07_051,"Lamb, brain, raw","Agneau/mouton, cerveau, cru",07_051,"Lamb brain, raw","Cervelle d’agneau, crue"
07_052,"Lamb, brain, braised* (without salt)","Agneau, cerveau, braisé* (sans sel)",07_052,"Lamb brain, stewed* (as part of a recipe)","Cervelle d’agneau, mijotée* (ingrédient de recette)"
07_053,"Lamb, liver, raw","Agneau, foie, cru",07_053,"Lamb liver, raw","Foie d’agneau, cru"
07_054,"Lamb, liver, boiled* (without salt)","Agneau, foie, bouilli* (sans sel)",07_054,"Lamb liver, boiled* (without salt), drained","Foie d’agneau, bouilli* (sans sel), égoutté"
07_055,"Locust, raw","Sauterelle, crue",,,
07_056,"Mopanie worm, canned","Ver de Mopanie, en conserve",07_056,"Mopane worm, canned","Chenille du mopane, en conserve"
07_006,"Pork, meat, approx. 20 % fat, boneless, raw","Porc, viande, env. 20 % de mat. grasse, désossée, crue",07_006,"Pork meat, moderately fat, ca. 20% fat, raw","Viande de porc, teneur modérée en matière grasse (env. 20%), crue"
07_057,"Pork, meat, approx. 20 % fat, boiled* (without salt)","Porc, viande, env. 20 % de mat. grasse, bouillie* (sans sel)",07_057,"Pork meat, moderately fat, ca. 20% fat, boiled* (without salt), drained","Viande de porc, teneur modérée en matière grasse (env. 20%), bouillie* (sans sel), égouttée"
07_058,"Pork, meat, approx. 20 % fat, grilled* (without salt and fat)","Porc, viande, env. 20 % de mat. grasse, grillée* (sans sel ou mat. grasse)",07_058,"Pork meat, moderately fat, ca. 20% fat, grilled* (without salt or fat)","Viande de porc, teneur modérée en matière grasse (env. 20%), grillée* (sans sel ni graisse)"
07_005,"Pork, meat, approx. 40 % fat, boneless, raw","Porc, viande, env. 40 % de mat. grasse, désossée, crue",07_005,"Pork meat, fatty, ca. 40% fat, raw","Viande de porc, grasse, environ 40% de matière grasse, crue"
07_059,"Pork, meat, approx. 40 % fat, boiled* (without salt)","Porc, viande, env. 40 % de mat. grasse, bouillie* (sans sel)",07_059,"Pork meat, fatty, ca. 40% fat, boiled* (without salt), drained","Viande de porc, grasse, environ 40% de matière grasse, bouillie* (sans sel), égouttée"
07_060,"Pork, meat, approx. 40 % fat, grilled* (without salt and fat)","Porc, viande, env. 40 % de mat. grasse, grillée* (sans sel ou mat. grasse)",07_060,"Pork meat, fatty, ca. 40% fat, grilled* (without salt or fat)","Viande de porc, grasse, environ 40% de matière grasse, grillée* (sans sel ni graisse)"
07_007,"Rabbit, flesh only, raw","Lapin, viande, crue",07_007,"Rabbit meat, raw","Viande de lapin, crue"
07_061,"Rabbit, meat, stewed* (without salt)","Lapin, viande, bouillie* (sans sel)",07_061,"Rabbit meat, stewed* (as part of a recipe)","Viande de lapin, mijotée* (ingrédient de recette)"
07_062,"Rabbit, meat, grilled* (without salt and fat)","Lapin, viande, grillée* (sans sel ou mat. grasse)",07_062,"Rabbit meat, grilled* (without salt or fat)","Viande de lapin, grillée* (sans sel ni graisse)"
07_063,"Sausage, wiener (beef, pork, chicken) canned","Saucisse vienoise (boeuf, porc, poulet) en conserve",07_063,"Sausage, wiener (beef, pork, chicken) canned","Saucisse viennoise (bœuf, porc, poulet) en conserve"
08 Eggs and their products/Oeufs et produits dérivés,,,08 Eggs and their products/Œufs et produits dérivés,,
08_001,"Egg, chicken, raw","Œuf, poule, cru",08_001,"Egg, chicken, raw","Œuf, poule, cru"
08_002,"Egg, chicken, boiled* (without salt)","Œuf, poule, bouilli* (sans sel)",08_002,"Egg, chicken, boiled* (without salt)","Œuf, poule, bouilli* (sans sel)"
08_003,"Egg, chicken, fried","Œuf, poule, frit",08_003,"Egg, chicken, fried in oil","Œuf, poule, frit dans l’huile"
08_004,Omelette,Omelette,08_004,"Omelette, from chicken egg","Omelette, d’œufs de poule"
09 Fish and its products/Poissons et produits dérivés,,,09 Fish and its products/Poisson et produits dérivés,,
09_007,"African carp, raw","Carpe d’Afrique, crue",09_007,"African carp, fillet, raw","Carpe d’Afrique, filet, cru"
09_008,"African carp, steamed* (without salt)","Carpe d’Afrique, cuit à la vapeur* (sans sel)",09_008,"African carp, fillet, steamed* (without salt)","Carpe d’Afrique, filet, cuit à la vapeur* (sans sel)"
09_009,"African carp, grilled* (without salt and fat)","Carpe d’Afrique, grillée* (sans sel ou mat.grasse)",09_009,"African carp, fillet, grilled* (without salt or fat)","Carpe d’Afrique, filet, grillé* (sans sel ni graisse)"
09_001,"Anchovy, fillet, raw","Anchois, filet, cru",09_001,"Anchovy, fillet, raw","Anchois, filet, cru"
09_010,"Anchovy, fillet, steamed* (without salt)","Anchois, filet, cuit à la vapeur * (sans sel)",09_010,"Anchovy, fillet, steamed* (without salt)","Anchois, filet, cuit à la vapeur* (sans sel)"
09_011,"Anchovy, fillet, grilled* (without salt and fat)","Anchois, filet, grillé* (sans sel ou mat. grasse)

",09_011,"Anchovy, fillet, grilled* (without salt or fat)","Anchois, filet, grillé* (sans sel ni graisse)"
09_012,"Anchovy, canned in oil (drained solids)","Anchois, en conserve d´huile",09_012,"Anchovy, canned in oil, drained","Anchois à l’huile, en conserve, égoutté"
09_002,"Barracuda, raw","Barracuda, cru",09_002,"Barracuda, fillet, raw","Barracuda, filet, cru"
09_013,"Barracuda, steamed* (without salt)","Barracuda, cuit à la vapeur * (sans sel)",09_013,"Barracuda, fillet, steamed* (without salt)","Barracuda, filet, cuit à la vapeur* (sans sel)"
09_014,"Barracuda, grilled* (without salt and fat)","Barracuda, grillé* (sans sel ou mat.grasse)",09_014,"Barracuda, fillet, grilled* (without salt or fat)","Barracuda, filet, grillé* (sans sel ni graisse)"
09_015,"Bayad, raw","Poisson, `Bayad`, cru",09_015,"Bayad, fillet, raw","Bayad, filet, cru"
09_016,"Bayad, steamed* (without salt)","Poisson `Bayad`, cuit à la vapeur* (sans sel)",09_016,"Bayad, fillet, steamed* (without salt)","Bayad, filet, cuit à la vapeur* (sans sel)"
09_017,"Bayad, grilled* (without salt and fat)","Poisson `Bayad`, grillé* (sans sel ou  mat. grasse)",09_017,"Bayad, fillet, grilled* (without salt or fat)","Bayad, filet, grillé* (sans sel ni graisse)"
09_018,"Catfish, raw","Poisson-chat, cru",09_018,"Catfish, fillet, raw","Poisson-chat, filet, cru"
09_019,"Catfish, steamed* (without salt)","Poisson-chat,  cuit à la vapeur* (sans sel)",09_019,"Catfish, fillet, steamed* (without salt)","Poisson-chat, filet, cuit à la vapeur* (sans sel)"
09_020,"Catfish, grilled* (without salt and fat)","Poisson-chat, grillé* (sans sel ou mat. grasse)",09_020,"Catfish, fillet, grilled* (without salt or fat)","Poisson-chat, filet, grillé* (sans sel ni graisse)"
09_021,"Carp, raw","Carpe, crue",09_021,"Carp, fillet, raw","Carpe, filet, cru"
09_022,"Carp, steamed* (without salt)","Carpe, cuit à la vapeur* (sans sel)",09_022,"Carp, fillet, steamed* (without salt)","Carpe, filet, cuit à la vapeur* (sans sel)"
09_023,"Carp, grilled* (without salt and fat)","Carpe, grillée (sans sel ou mat.grasse)",09_023,"Carp, fillet, grilled* (without salt or fat)","Carpe, filet, grillé* (sans sel ni graisse)"
09_003,"Mackerel, raw","Maquereau, cru",09_003,"Mackerel, fillet, raw","Maquereau, filet, cru"
09_024,"Mackerel,  boiled* (without salt)","Maquereau, bouilli* (sans sel)",09_024,"Mackerel, fillet, steamed* (without salt)","Maquereau, filet, cuit à la vapeur* (sans sel)"
09_025,"Mackerel, grilled* (without salt and fat)","Maquereau, grillé* (sans sel ou mat. grasse)                                         
",09_025,"Mackerel, fillet, grilled* (without salt or fat)","Maquereau, filet, grillé* (sans sel ni graisse)"
09_026,"Mormyrids, raw","Mormyridés, crus",09_026,"Mormyrid, fillet, raw","Mormiridé, filet, cru"
09_027,"Mormyrids, steamed* (without salt)","Mormyridés, cuit à la vapeur* (sans sel)",09_027,"Mormyrid, fillet, steamed* (without salt)","Mormiridé, filet, cuit à la vapeur* (sans sel)"
09_028,"Mormyrids, grilled* (without salt and fat)","Mormyridés, grillés* (sans sel ou mat. grasse)",09_028,"Mormyrid, fillet, grilled* (without salt or fat)","Mormiridé, filet, grillé* (sans sel ni graisse)"
09_029,"Mudfish, raw","Poisson `Mudfish`, cru",09_060,"North African catfish, fillet, raw","Poisson-chat d’Afrique du Nord, filet, cru"
09_030,"Mudfish, steamed*(without salt)","Poisson `Mudfish`, cuit à la vapeur* (sans sel)",09_082,"North African catfish, fillet, boiled* (as part of a recipe)","Poisson-chat d’Afrique du Nord, filet, bouilli* (ingrédient de recette)"
09_031,"Mudfish, grilled*(without salt and fat)","Poisson `Mudfish`, grillé* (sans sel ou mat. grasse)",09_081,"North African catfish, fillet, grilled* (without salt or fat)","Poisson-chat d’Afrique du Nord, filet, grillé* (sans sel ni graisse)"
09_032,"Perch, Nile, raw","Perche du Nil, capitaine, crue",09_032,"Perch, Nile, fillet, raw","Perche du Nil, filet, cru"
09_033,"Perch, Nile, steamed* (without salt)","Perche du Nil, capitaine, cuit à la vapeur* (sans sel)",09_033,"Perch, Nile, fillet, steamed* (without salt)","Perche du Nil, filet, cuit à la vapeur* (sans sel)"
09_034,"Perch, Nile, grilled* (without salt and fat)","Perche du Nil, capitaine, grillée* (sans sel ou mat. grasse)",09_034,"Perch, Nile, fillet, grilled* (without salt or fat)","Perche du Nil, filet, grillé* (sans sel ni graisse)"
09_004,"Sardine, raw","Sardine, crue",09_004,"Sardine, fillet, raw","Sardine, filet, cru"
09_035,"Sardine, steamed* (without salt)","Sardine, cuit à la vapeur* (sans sel)",09_035,"Sardine, fillet, steamed* (without salt)","Sardine, filet, cuit à la vapeur* (sans sel)"
09_036,"Sardine, grilled* (without salt and fat)","Sardine, grillée* (sans sel ou mat. grasse)",09_036,"Sardine, fillet, grilled* (without salt or fat)","Sardine, filet, grillé* (sans sel ni graisse)"
09_037,"Sardines in oil, canned (drained solids with bone)","Sardine conservées en huile (égouttées, avec arêtes)",09_037,"Sardine, canned in oil, drained, with bones","Sardines à l’huile, en conserve, égouttées, avec arêtes"
09_038,"Shiny-nose, raw","Capitaine de mer, cru",09_038,"Shiny-nose, fillet, raw","Capitaine de mer, filet, cru"
09_039,"Shiny-nose, steamed* (without salt)","Capitaine de mer, cuit à la vapeur* (sans sel)",09_039,"Shiny-nose, fillet, steamed* (without salt)","Capitaine de mer, filet, cuit à la vapeur* (sans sel)"
09_040,"Shiny-nose, grilled* (without salt and fat)","Capitaine de mer, grillé* (sans sel ou mat. grasse)",09_040,"Shiny-nose, fillet, grilled* (without salt or fat)","Capitaine de mer, filet, grillé* (sans sel ni graisse)"
09_041,"Tilapia, raw","Tilapia, cru",09_041,"Tilapia, fillet, raw","Tilapia, filet, cru"
09_042,"Tilapia, steamed*(without salt)","Tilapia, cuit à la vapeur* (sans sel)",09_042,"Tilapia, fillet, steamed* (without salt)","Tilapia, filet, cuit à la vapeur* (sans sel)"
09_043,"Tilapia, grilled* (without salt and fat)","Tilapia, grillé* (sans sel ou mat. grasse)",09_043,"Tilapia, fillet, grilled* (without salt or fat)","Tilapia, filet, grillé* (sans sel ni graisse)"
09_005,"Tuna, raw","Thon, cru",09_005,"Tuna, fillet, raw","Thon, filet, cru"
09_044,"Tuna, boiled* (without salt)","Thon, bouilli* (sans sel)",,,
09_045,"Tuna, grilled* (without salt and fat)","Thon, grillé* (sans sel ou mat.grasse)",09_091,"Tuna, fillet, grilled* (without salt or fat)","Thon, filet, grillé* (sans sel ni graisse)"
09_006,"White grouper, raw","Mérou blanc, cru",09_006,"White grouper, fillet, raw","Mérou blanc, filet, cru"
09_046,"White grouper, steamed* (without salt)","Mérou blanc, cuit à la vapeur* (sans sel)",09_046,"White grouper, fillet, steamed* (without salt)","Mérou blanc, filet, cuit à la vapeur* (sans sel)"
09_047,"White grouper, grilled* (without salt and fat)","Mérou blanc, grillé* (sans sel ou mat.grasse)",09_047,"White grouper, fillet, grilled* (without salt or fat)","Mérou blanc, filet, grillé* (sans sel ni graisse)"
10 Milk and its products/Lait et produits laitiers,,,10 Milk and its products/Lait et produits dérivés,,
10_006,Cheddar,Cheddar,10_006,"Cheese, cheddar, from cow’s milk","Fromage, cheddar, de lait de vache"
10_007,"Cheese, goat, hard type","Formage de chèvre, dur",10_007,"Cheese, hard type, from goat’s milk","Fromage, de chèvre, à pâte dure"
10_008,"Cheese, Gouda","Fromage, gouda",10_008,"Cheese, Gouda, from cow’s milk","Fromage, Gouda, de lait de vache"
10_009,"Cream, whipping, 38 % fat","Crème à fouetter, 38 % de mat. grasse",10_009,"Cream, from cow’s milk, ca. 38% fat","Crème, de lait de vache, env. 38% de mat. grasse"
10_010,"Cream, 13 % fat","Crème, 13 % de mat. grasse",10_010,"Cream, from cow’s milk, reduced fat, ca. 18% fat","Crème, de lait de vache, faible teneur en matière grasse (env. 18%)"
10_011,"Infant formula, powder, for 3 months","Lait infantile, poudre, pour l’âge de 3 mois",10_011,"Infant formula, powder, for 3 months, fortified","Lait infantile en poudre, 1er âge (3 mois), enrichi"
10_012,"Infant formula, powder, for 6 months","Lait infantile, poudre, pour l’âge de 6 mois",10_012,"Infant formula, powder, for 6 months, fortified","Lait infantile en poudre, 2e âge (6 mois), enrichi"
10_001,"Milk, cow, whole, 3.5 % fat (includes pasteurised, sterilised and UHT)","Lait, vache, entier, 3.5 % de mat. grasse (y compris pasteurisé, stérilisé, UTH)",10_001,"Milk, cow, whole, pasteurized or UHT, 3.5% fat","Lait, de vache, entier, pasteurisé ou stérilisé UHT, 3.5% de mat. grasse"
10_013,"Milk, cow, partly skimmed, 1.5 % fat","Lait, vache, partiellement écrémé, 1.5 % de mat. Grasse",10_013,"Milk, cow, reduced fat, 1.5–2% fat","Lait, de vache, partiellement écrémé, 1.5–2% de mat. grasse"
10_014,"Milk, cow,  skimmed, 0.5 % fat","Lait, vache, écrémé, 0.5 % de mat. grasse",10_014,"Milk, cow, skimmed, 0.5% fat","Lait, de vache, écrémé, 0.5% de mat. grasse"
10_015,"Milk, cow, canned, condensed, sweetened","Lait, vache, en conserve, condensé, sucré",10_015,"Milk, cow, canned, condensed, sweetened","Lait, de vache, en conserve, condensé, sucré"
10_016,"Milk, cow, canned, evaporated","Lait, vache, en conserve, concentré",10_016,"Milk, cow, canned, evaporated","Lait, de vache, en conserve, concentré"
10_002,"Milk, cow, powder, whole","Lait, vache, poudre, entier",10_002,"Milk, cow, powder, whole, unfortified","Lait, de vache, en poudre, entier, non enrichi"
10_017,"Milk, cow powder, skimmed","Lait, vache, poudre, écrémé",10_017,"Milk, cow, powder, skimmed, unfortified","Lait, de vache, en poudre, écrémé, non enrichi"
10_018,"Milk, camel, raw (average of different breeds)","Lait, chameau, cru (moyenne de plusieurs races)",10_018,"Milk, camel, fresh","Lait, de chamelle, frais"
10_003,"Milk, goat, raw","Lait, chèvre, cru",10_003,"Milk, goat, fresh","Lait, de chèvre, frais"
10_004,"Milk, human, mature, raw","Lait, humain, mature, cru",10_004,"Breastmilk, mature",Lait maternel
10_019,"Milk, human, colostrum, raw","Lait, humain, colostrum, cru",10_019,"Breastmilk, colostrum","Lait maternel, colostrum"
10_020,Vacherin cheese,Fromage de vacherin,,,
10_005,"Yoghurt, whole milk, plain","Yaourt, lait entier, nature",10_005,"Yoghurt, plain, from whole cow’s milk","Yaourt, de lait de vache entier, nature"
10_021,"Yoghurt, whole milk, with fruits","Yaourt, lait entier, avec fruit",10_026,"Yoghurt, from reduced fat/skimmed cow’s milk, sweetened/with fruit","Yaourt, de lait de vache partiellement écrémé, sucré/avec fruits"
,,,10_005,"Yoghurt, plain, from whole cow’s milk","Yaourt, de lait de vache entier, nature"
11 Fat and oils/Matières grasses,,,11 Fats and oils/Graisses et huiles,,
11_001,"Butter, from cow’s milk (without salt)","Beurre, de lait de vache (sans sel)",11_001,"Butter, from cow’s milk, unsalted","Beurre, de lait de vache, doux"
11_002,Coconut oil,"Noix de coco, huile",11_002,"Coconut oil, unfortified","Huile de coco, non enrichie"
11_005,Cottonseed oil,"Coton, huile",11_005,"Cottonseed oil, yellow brown, unfortified","Huile de graine de coton, jaune brun, non enrichie"
11_003,Groundnut oil,"Arachide, huile",11_003,"Groundnut oil, unfortified","Huile d’arachide, non enrichie"
11_006,"Margarine, fortified","Margarine, fortifieé",11_006,"Margarine, fortified with vitamin A","Margarine, enrichie en vitamine A"
11_004,"Palm oil, red","Palme, huile, rouge",11_004,"Palm oil, red","Huile de palme, rouge"
11_007,"Palm oil, refined","Palme, huile, raffiné",11_007,"Palm oil, refined and decoloured, unfortified","Huile de palme, raffinée et décolorée, non enrichie"
11_008,Shea butter,"Karité, beurre",11_008,"Shea butter, white","Beurre de karité, blanc"
11_009,Soya oil,"Soja, huile",11_009,"Soya oil, unfortified","Huile de soja, non enrichie"
11_010,Vegetable oil,Huile végetalé,11_010,"Vegetable oil, unfortified","Huile végétale, non enrichie"
12 Beverages/Boissons,,,12 Beverages/Boissons,,
12_001,Beer european (4.4 % alcohol),Bière européenne  (4.4 % d’alcool),12_001,"Beer, European (4.6% v/v alcohol)","Bière, européenne (4.6% d’alcool)"
12_002,"Beer, maize  (est. 3 % alcohol)",Bière de maïs (3 % d’alcool est.),12_002,"Beer, maize (ca. 3% v/v alcohol)","Bière, de maïs (env. 3% d’alcool)"
12_003,"Beer, millet (est. 3 % alcohol)",Bière de mil (3 % d’alcool est.),12_003,"Beer, millet (ca. 3% v/v alcohol)","Bière, de mil (env. 3% d’alcool)"
12_004,"Beer, sorghum (est. 3% alcohol)",Bière de sorgho (3 % d’alcool est.),12_004,"Beer, sorghum (ca. 3% v/v alcohol)","Bière, de sorgho (env. 3% d’alcool)"
12_005,"Coffee, instant, powder","Café, instantané, poudre",12_005,"Coffee, instant, powder","Café, instantané, en poudre"
12_009,"Coffee, liquid","Café, liquide",12_009,"Coffee, liquid","Café, liquide"
12_010,"Juice, lemon, unsweetened","Jus de citron, sans sucre",12_010,"Juice, lemon, fresh, unsweetened","Jus de citron, frais, sans sucre ajouté"
12_011,"Juice, orange, unsweetened","Jus d`orange, sans sucre",12_011,"Juice, orange, fresh, unsweetened","Jus d’orange, frais, sans sucre ajouté"
12_012,"Juice, apple, canned or bottled","Jus de pomme, en conserve o en bouteille",12_012,"Juice, canned or bottled, sweetened (e.g. apple)","Jus, en boîte ou en bouteille, sucre ajouté (ex: de pomme)"
12_013,"Juice, grapefruit, canned, unsweetened","Jus de pamplemousse, en conserve, sans sucre",12_013,"Juice, canned or bottled, unsweetened (e.g. grapefruit)","Jus, en boîte ou en bouteille, sans sucre ajouté (ex: de pamplemousse)"
12_014,"Nectar, Mango, canned","Nectar de mangue, conservé",12_014,"Nectar, mango, canned","Nectar de mangue, en conserve"
12_015,Ovaltine beverage with whole milk (without sugar; fortified),"Ovaltine, boisson avec lait entier (sans sucre; enrichi)",12_015,"Ovaltine beverage with whole milk, without sugar, fortified*","Ovaltine, boisson au lait entier, sans sucre, enrichie*"
12_016,Ovaltine beverage with partly skimmed milk (without sugar; fortified),"Ovaltine, boisson avec lait, partiellement écrémé (sans sucre; enrichi)",12_016,"Ovaltine beverage with reduced fat milk, without sugar, fortified*","Ovaltine, boisson au lait partiellement écrémé, sans sucre, enrichie*"
12_017,Ovaltine beverage with skimmed milk (without sugar; fortified),"Ovaltine, boisson avec lait, écrémé (sans sucre; enrichi)",12_017,"Ovaltine beverage with skimmed milk, without sugar, fortified*","Ovaltine, boisson au lait écrémé, sans sucre, enrichie*"
12_018,"Ovaltine powder, fortified","Ovaltine, poudre, enrichi",13_028,"Ovaltine powder, fortified","Ovaltine en poudre, enrichie"
12_006,Palm wine (est. 3.8 % alcohol),Vin de palme  (3.8 % d’alcool est.),12_006,Palm wine (ca. 3.8% v/v alcohol),Vin de palme (env. 3.8% d’alcool)
12_007,"Sap, palm, fresh (0.3 % alcohol)","Sève de palmier, fraiche (0.3 % d’alcool)",12_007,"Sap, palm, fresh (0.3% v/v alcohol)","Sève de palmier, fraiche (0.3% d’alcool)"
12_008,"Tea, infusion",Thé infusé,12_008,"Tea, infusion","Thé, infusion"
12_019,"Water, tap",Eau du robinet,12_019,"Water, tap",Eau du robinet
13 Miscellaneous/Divers,,,13 Miscellaneous/Divers,,
13_004,Anis seed,"Anis, graine",13_004,Anis seed,"Anis, graine"
13_005,"Bay leaf, dried","Laurier, feuille, séchée",04_081,"Bay, leaves, dried","Laurier, feuilles, séchées"
13_006,"Chilli pepper, dried","Piment rouge, séché",13_006,"Chilli pepper, dried","Piment rouge, séché"
13_007,"Cinnamon, ground","Cannelle, poudre",13_007,"Cinnamon, ground","Cannelle, moulue"
13_008,"Cube, beef, dry","Cube de bouillon, bœuf, sec",13_008,"Cube, beef, dry","Bouillon-cube, bœuf, sec"
13_009,"Cumin, seed","Cumin, graine",13_009,"Cumin, seed","Cumin, grains"
13_010,"Ginger, root, raw","Gingembre, racine, crue",04_082,"Ginger, root, raw","Gingembre, racine, crue"
13_011,"Ginger, roots, dried","Gingembre, racine, séchée",13_011,"Ginger, root, dried","Gingembre, racine, séchée"
13_001,Honey,Miel,13_001,Honey,Miel
13_012,"Mustard, powder","Moutarde, en poudre",13_012,"Mustard, powder","Moutarde, en poudre"
13_013,"Mustard, prepared, yellow","Moutarde, préparé, jaune",13_013,"Mustard, prepared, yellow","Moutarde, préparée, jaune"
13_014,"Pepper, black","Poivre, noir",13_014,"Pepper, black","Poivre, noir"
13_015,Salt,Sel,13_015,Salt,Sel
13_016,"Spices, mix, ground","Épices, mélange, poudre",13_016,"Allspice, ground","Piment de la Jamaïque, moulu"
13_002,Sugar,Sucre,13_002,"Sugar, white","Sucre, blanc"
13_003,Vinegar,Vinaigre,13_003,Vinegar,Vinaigre
13_017,"Yeast, dried","Levure, sec",13_017,"Yeast, dried","Levure, séchée"
13_018,"Yeast extract, Marmite","Levure, extrait, Marmite",13_018,"Yeast extract, Marmite","Extrait de levure, Marmite"
